id,detected_object,timestamp,weather,temperature_celsius,holiday
1,glass,2025-01-01 18:44:22,rainy,2,1
2,metal,2025-01-01 06:01:04,rainy,2,1
3,paper,2025-01-01 02:15:50,rainy,2,1
4,organic,2025-01-01 15:23:21,rainy,2,1
5,metal,2025-01-01 08:17:18,rainy,2,1
6,metal,2025-01-02 16:44:11,rainy,3,0
7,glass,2025-01-02 12:49:47,rainy,3,0
8,paper,2025-01-02 09:46:40,rainy,3,0
9,metal,2025-01-02 10:49:03,rainy,3,0
10,glass,2025-01-02 04:00:53,rainy,3,0
11,glass,2025-01-03 21:17:39,rainy,6,0
12,glass,2025-01-03 23:11:32,rainy,6,0
13,glass,2025-01-03 11:08:31,rainy,6,0
14,metal,2025-01-03 09:43:45,rainy,6,0
15,glass,2025-01-03 01:49:03,rainy,6,0
16,metal,2025-01-03 03:37:44,rainy,6,0
17,glass,2025-01-04 11:12:04,misty,2,0
18,glass,2025-01-04 17:10:26,misty,2,0
19,plastic,2025-01-05 03:38:21,stormy,3,0
20,metal,2025-01-06 17:22:14,cloudy,-1,0
21,plastic,2025-01-06 12:12:51,cloudy,-1,0
22,metal,2025-01-06 23:27:34,cloudy,-1,0
23,paper,2025-01-06 10:49:26,cloudy,-1,0
24,metal,2025-01-06 17:58:51,cloudy,-1,0
25,metal,2025-01-06 11:04:26,cloudy,-1,0
26,plastic,2025-01-06 16:55:18,cloudy,-1,0
27,paper,2025-01-07 13:54:59,stormy,4,0
28,metal,2025-01-07 06:56:49,stormy,4,0
29,plastic,2025-01-07 05:09:09,stormy,4,0
30,metal,2025-01-07 14:40:48,stormy,4,0
31,metal,2025-01-08 00:29:41,misty,0,0
32,metal,2025-01-08 08:32:03,misty,0,0
33,metal,2025-01-08 21:49:08,misty,0,0
34,glass,2025-01-08 16:25:28,misty,0,0
35,plastic,2025-01-08 07:36:12,misty,0,0
36,organic,2025-01-08 05:54:38,misty,0,0
37,paper,2025-01-09 22:30:37,rainy,3,0
38,metal,2025-01-09 14:11:48,rainy,3,0
39,organic,2025-01-09 11:52:08,rainy,3,0
40,paper,2025-01-09 18:36:00,rainy,3,0
41,glass,2025-01-09 15:52:42,rainy,3,0
42,metal,2025-01-10 03:17:09,rainy,3,0
43,metal,2025-01-10 04:13:42,rainy,3,0
44,metal,2025-01-10 00:31:06,rainy,3,0
45,glass,2025-01-10 09:19:05,rainy,3,0
46,paper,2025-01-10 20:26:45,rainy,3,0
47,glass,2025-01-11 20:20:30,stormy,5,0
48,plastic,2025-01-12 18:58:11,rainy,3,0
49,organic,2025-01-12 16:18:28,rainy,3,0
50,plastic,2025-01-13 01:04:46,snowy,2,0
51,metal,2025-01-13 02:55:36,snowy,2,0
52,plastic,2025-01-13 07:24:22,snowy,2,0
53,glass,2025-01-13 02:31:12,snowy,2,0
54,paper,2025-01-14 09:26:22,cloudy,4,0
55,plastic,2025-01-14 13:49:41,cloudy,4,0
56,glass,2025-01-14 02:31:46,cloudy,4,0
57,metal,2025-01-14 23:45:04,cloudy,4,0
58,glass,2025-01-14 23:10:26,cloudy,4,0
59,glass,2025-01-14 22:06:30,cloudy,4,0
60,metal,2025-01-14 22:07:03,cloudy,4,0
61,glass,2025-01-15 11:30:22,snowy,3,0
62,glass,2025-01-15 11:17:53,snowy,3,0
63,plastic,2025-01-15 21:10:03,snowy,3,0
64,metal,2025-01-15 05:08:37,snowy,3,0
65,glass,2025-01-16 02:45:18,snowy,3,0
66,metal,2025-01-16 20:36:30,snowy,3,0
67,metal,2025-01-16 04:58:34,snowy,3,0
68,plastic,2025-01-16 18:54:45,snowy,3,0
69,metal,2025-01-17 03:34:42,snowy,0,0
70,glass,2025-01-17 23:51:10,snowy,0,0
71,plastic,2025-01-17 10:26:43,snowy,0,0
72,metal,2025-01-17 14:01:18,snowy,0,0
73,metal,2025-01-18 18:03:45,misty,1,0
74,metal,2025-01-18 07:34:43,misty,1,0
75,glass,2025-01-19 00:59:17,cloudy,3,0
76,glass,2025-01-19 08:31:59,cloudy,3,0
77,glass,2025-01-19 10:04:43,cloudy,3,0
78,paper,2025-01-20 14:54:42,snowy,3,0
79,paper,2025-01-20 12:54:42,snowy,3,0
80,metal,2025-01-20 18:44:55,snowy,3,0
81,paper,2025-01-20 08:35:05,snowy,3,0
82,paper,2025-01-21 05:07:01,snowy,-1,0
83,metal,2025-01-21 04:25:03,snowy,-1,0
84,glass,2025-01-21 19:34:39,snowy,-1,0
85,metal,2025-01-21 05:41:34,snowy,-1,0
86,glass,2025-01-22 18:09:19,stormy,3,0
87,glass,2025-01-22 18:13:58,stormy,3,0
88,metal,2025-01-22 03:50:33,stormy,3,0
89,metal,2025-01-22 11:25:16,stormy,3,0
90,metal,2025-01-23 15:41:09,cloudy,1,0
91,metal,2025-01-23 15:03:46,cloudy,1,0
92,glass,2025-01-23 02:17:38,cloudy,1,0
93,metal,2025-01-23 16:46:20,cloudy,1,0
94,organic,2025-01-23 16:10:26,cloudy,1,0
95,metal,2025-01-23 05:03:09,cloudy,1,0
96,paper,2025-01-23 18:25:55,cloudy,1,0
97,plastic,2025-01-24 09:21:54,cloudy,3,0
98,metal,2025-01-24 12:32:30,cloudy,3,0
99,glass,2025-01-24 13:14:26,cloudy,3,0
100,metal,2025-01-24 00:39:16,cloudy,3,0
101,metal,2025-01-24 01:49:51,cloudy,3,0
102,metal,2025-01-24 08:35:41,cloudy,3,0
103,paper,2025-01-24 18:07:34,cloudy,3,0
104,glass,2025-01-25 05:17:35,stormy,4,0
105,plastic,2025-01-26 02:13:37,cloudy,4,0
106,glass,2025-01-26 08:06:00,cloudy,4,0
107,metal,2025-01-26 03:30:52,cloudy,4,0
108,glass,2025-01-27 16:01:09,snowy,1,0
109,metal,2025-01-27 16:10:28,snowy,1,0
110,metal,2025-01-27 01:54:34,snowy,1,0
111,metal,2025-01-27 19:21:31,snowy,1,0
112,metal,2025-01-28 02:21:21,cloudy,0,0
113,plastic,2025-01-28 07:56:23,cloudy,0,0
114,metal,2025-01-28 18:57:27,cloudy,0,0
115,metal,2025-01-28 20:46:51,cloudy,0,0
116,glass,2025-01-28 13:40:54,cloudy,0,0
117,metal,2025-01-28 16:39:49,cloudy,0,0
118,plastic,2025-01-28 20:52:09,cloudy,0,0
119,metal,2025-01-29 23:16:38,rainy,6,0
120,glass,2025-01-29 06:37:22,rainy,6,0
121,plastic,2025-01-29 10:53:00,rainy,6,0
122,glass,2025-01-29 05:50:07,rainy,6,0
123,glass,2025-01-29 12:10:21,rainy,6,0
124,glass,2025-01-29 11:10:32,rainy,6,0
125,metal,2025-01-30 08:05:10,misty,3,0
126,glass,2025-01-30 08:17:44,misty,3,0
127,metal,2025-01-30 07:46:43,misty,3,0
128,organic,2025-01-30 06:09:47,misty,3,0
129,plastic,2025-01-30 14:54:50,misty,3,0
130,paper,2025-01-30 11:38:58,misty,3,0
131,metal,2025-01-31 01:51:39,stormy,4,0
132,paper,2025-01-31 05:43:04,stormy,4,0
133,plastic,2025-01-31 13:31:38,stormy,4,0
134,metal,2025-01-31 09:38:40,stormy,4,0
135,organic,2025-02-01 03:23:04,snowy,8,0
136,metal,2025-02-01 17:06:22,snowy,8,0
137,glass,2025-02-02 16:37:19,cloudy,4,0
138,plastic,2025-02-02 05:26:04,cloudy,4,0
139,metal,2025-02-02 07:52:15,cloudy,4,0
140,plastic,2025-02-03 22:31:13,stormy,7,0
141,plastic,2025-02-03 02:58:49,stormy,7,0
142,plastic,2025-02-03 01:31:21,stormy,7,0
143,glass,2025-02-03 01:41:06,stormy,7,0
144,metal,2025-02-03 14:16:13,stormy,7,0
145,glass,2025-02-04 20:53:52,cloudy,6,0
146,organic,2025-02-04 22:20:50,cloudy,6,0
147,metal,2025-02-04 23:37:40,cloudy,6,0
148,metal,2025-02-04 22:36:11,cloudy,6,0
149,plastic,2025-02-04 10:19:05,cloudy,6,0
150,plastic,2025-02-04 18:30:11,cloudy,6,0
151,glass,2025-02-04 14:02:06,cloudy,6,0
152,metal,2025-02-05 21:05:47,stormy,3,0
153,glass,2025-02-05 21:18:39,stormy,3,0
154,glass,2025-02-05 20:07:30,stormy,3,0
155,metal,2025-02-05 10:32:37,stormy,3,0
156,plastic,2025-02-06 23:11:30,snowy,3,0
157,plastic,2025-02-06 01:37:29,snowy,3,0
158,metal,2025-02-06 10:02:13,snowy,3,0
159,plastic,2025-02-06 03:30:47,snowy,3,0
160,plastic,2025-02-07 14:34:50,misty,7,0
161,metal,2025-02-07 13:54:06,misty,7,0
162,glass,2025-02-07 22:53:02,misty,7,0
163,glass,2025-02-07 11:14:17,misty,7,0
164,metal,2025-02-07 21:29:39,misty,7,0
165,metal,2025-02-07 16:54:21,misty,7,0
166,metal,2025-02-07 11:49:25,misty,7,0
167,metal,2025-02-08 01:32:10,cloudy,3,0
168,metal,2025-02-08 02:47:28,cloudy,3,0
169,paper,2025-02-08 06:01:09,cloudy,3,0
170,metal,2025-02-09 00:30:31,snowy,5,0
171,organic,2025-02-10 20:08:47,rainy,4,0
172,metal,2025-02-10 13:13:10,rainy,4,0
173,glass,2025-02-10 21:57:24,rainy,4,0
174,organic,2025-02-10 15:30:30,rainy,4,0
175,paper,2025-02-10 02:07:51,rainy,4,0
176,glass,2025-02-11 14:28:41,rainy,4,0
177,paper,2025-02-11 23:40:53,rainy,4,0
178,paper,2025-02-11 06:33:00,rainy,4,0
179,metal,2025-02-11 20:10:41,rainy,4,0
180,plastic,2025-02-11 00:31:23,rainy,4,0
181,metal,2025-02-12 15:43:41,snowy,4,0
182,glass,2025-02-12 21:39:08,snowy,4,0
183,glass,2025-02-12 11:40:31,snowy,4,0
184,paper,2025-02-12 11:13:57,snowy,4,0
185,plastic,2025-02-13 03:39:10,cloudy,7,0
186,metal,2025-02-13 02:57:37,cloudy,7,0
187,paper,2025-02-13 14:58:21,cloudy,7,0
188,glass,2025-02-13 15:03:43,cloudy,7,0
189,glass,2025-02-13 13:56:35,cloudy,7,0
190,metal,2025-02-13 23:36:59,cloudy,7,0
191,paper,2025-02-13 05:10:00,cloudy,7,0
192,metal,2025-02-14 01:34:51,stormy,7,0
193,metal,2025-02-14 02:52:35,stormy,7,0
194,glass,2025-02-14 06:19:31,stormy,7,0
195,metal,2025-02-14 20:24:19,stormy,7,0
196,plastic,2025-02-14 01:32:24,stormy,7,0
197,metal,2025-02-15 02:20:05,snowy,8,0
198,metal,2025-02-15 10:17:19,snowy,8,0
199,plastic,2025-02-16 00:17:22,cloudy,6,0
200,metal,2025-02-16 19:40:11,cloudy,6,0
201,plastic,2025-02-16 17:44:38,cloudy,6,0
202,metal,2025-02-16 03:12:20,cloudy,6,0
203,metal,2025-02-17 23:32:44,rainy,3,0
204,metal,2025-02-17 22:54:14,rainy,3,0
205,metal,2025-02-17 18:25:47,rainy,3,0
206,paper,2025-02-17 06:55:49,rainy,3,0
207,metal,2025-02-17 15:58:30,rainy,3,0
208,plastic,2025-02-18 06:39:36,rainy,2,0
209,metal,2025-02-18 19:58:51,rainy,2,0
210,glass,2025-02-18 06:27:05,rainy,2,0
211,organic,2025-02-18 04:17:53,rainy,2,0
212,metal,2025-02-18 16:35:23,rainy,2,0
213,glass,2025-02-19 09:37:31,snowy,5,0
214,paper,2025-02-19 14:04:48,snowy,5,0
215,glass,2025-02-19 01:27:31,snowy,5,0
216,metal,2025-02-19 20:46:59,snowy,5,0
217,metal,2025-02-20 11:19:32,rainy,-1,0
218,metal,2025-02-20 13:54:15,rainy,-1,0
219,metal,2025-02-20 11:53:13,rainy,-1,0
220,paper,2025-02-20 20:30:45,rainy,-1,0
221,plastic,2025-02-20 05:07:17,rainy,-1,0
222,metal,2025-02-21 22:32:13,cloudy,6,0
223,metal,2025-02-21 11:54:31,cloudy,6,0
224,paper,2025-02-21 12:04:41,cloudy,6,0
225,metal,2025-02-21 22:29:12,cloudy,6,0
226,metal,2025-02-21 19:46:24,cloudy,6,0
227,metal,2025-02-21 18:19:01,cloudy,6,0
228,metal,2025-02-21 23:38:41,cloudy,6,0
229,metal,2025-02-22 00:21:11,snowy,5,0
230,organic,2025-02-23 21:25:13,snowy,1,0
231,glass,2025-02-24 21:13:51,cloudy,3,1
232,glass,2025-02-24 22:49:29,cloudy,3,1
233,metal,2025-02-24 22:15:00,cloudy,3,1
234,metal,2025-02-24 08:05:02,cloudy,3,1
235,metal,2025-02-24 13:25:45,cloudy,3,1
236,paper,2025-02-24 17:18:34,cloudy,3,1
237,metal,2025-02-24 13:15:43,cloudy,3,1
238,glass,2025-02-25 20:07:25,cloudy,6,1
239,plastic,2025-02-25 07:09:39,cloudy,6,1
240,metal,2025-02-25 12:32:41,cloudy,6,1
241,glass,2025-02-25 17:15:50,cloudy,6,1
242,organic,2025-02-25 09:46:05,cloudy,6,1
243,glass,2025-02-25 01:58:08,cloudy,6,1
244,metal,2025-02-25 04:05:48,cloudy,6,1
245,metal,2025-02-26 23:21:21,misty,7,1
246,metal,2025-02-26 15:18:24,misty,7,1
247,metal,2025-02-26 10:23:08,misty,7,1
248,glass,2025-02-26 16:45:11,misty,7,1
249,metal,2025-02-26 07:13:41,misty,7,1
250,metal,2025-02-26 20:52:13,misty,7,1
251,glass,2025-02-26 22:05:07,misty,7,1
252,metal,2025-02-27 22:08:37,cloudy,3,0
253,metal,2025-02-27 09:19:36,cloudy,3,0
254,glass,2025-02-27 09:50:17,cloudy,3,0
255,paper,2025-02-27 12:44:27,cloudy,3,0
256,metal,2025-02-27 05:06:12,cloudy,3,0
257,plastic,2025-02-27 16:03:13,cloudy,3,0
258,metal,2025-02-27 11:27:52,cloudy,3,0
259,plastic,2025-02-28 13:17:08,misty,2,0
260,glass,2025-02-28 13:01:03,misty,2,0
261,glass,2025-02-28 07:23:41,misty,2,0
262,glass,2025-02-28 05:50:31,misty,2,0
263,glass,2025-02-28 02:54:32,misty,2,0
264,plastic,2025-02-28 08:52:21,misty,2,0
265,metal,2025-03-01 17:45:39,sunny,12,0
266,glass,2025-03-01 05:10:26,sunny,12,0
267,glass,2025-03-01 11:24:48,sunny,12,0
268,glass,2025-03-01 11:23:42,sunny,12,0
269,glass,2025-03-02 14:19:08,cloudy,6,0
270,metal,2025-03-02 04:51:04,cloudy,6,0
271,glass,2025-03-02 21:52:43,cloudy,6,0
272,metal,2025-03-02 09:52:11,cloudy,6,0
273,metal,2025-03-03 01:04:50,cloudy,7,0
274,metal,2025-03-03 00:25:35,cloudy,7,0
275,plastic,2025-03-03 01:50:18,cloudy,7,0
276,glass,2025-03-03 20:45:48,cloudy,7,0
277,plastic,2025-03-03 05:22:27,cloudy,7,0
278,glass,2025-03-03 10:25:26,cloudy,7,0
279,paper,2025-03-03 17:40:14,cloudy,7,0
280,metal,2025-03-04 01:30:36,cloudy,7,0
281,metal,2025-03-04 19:42:43,cloudy,7,0
282,glass,2025-03-04 19:01:53,cloudy,7,0
283,metal,2025-03-04 18:27:46,cloudy,7,0
284,metal,2025-03-04 22:07:06,cloudy,7,0
285,glass,2025-03-04 02:41:57,cloudy,7,0
286,glass,2025-03-04 00:58:13,cloudy,7,0
287,glass,2025-03-05 13:53:06,cloudy,4,0
288,plastic,2025-03-05 11:31:39,cloudy,4,0
289,glass,2025-03-05 12:21:27,cloudy,4,0
290,plastic,2025-03-05 11:49:02,cloudy,4,0
291,glass,2025-03-05 13:55:26,cloudy,4,0
292,plastic,2025-03-05 22:04:00,cloudy,4,0
293,glass,2025-03-05 00:50:45,cloudy,4,0
294,metal,2025-03-06 08:21:52,misty,9,0
295,plastic,2025-03-06 14:27:39,misty,9,0
296,glass,2025-03-06 21:29:13,misty,9,0
297,plastic,2025-03-06 22:26:39,misty,9,0
298,plastic,2025-03-06 00:30:21,misty,9,0
299,plastic,2025-03-06 02:55:41,misty,9,0
300,glass,2025-03-06 20:23:32,misty,9,0
301,glass,2025-03-07 11:58:56,sunny,11,0
302,paper,2025-03-07 22:06:33,sunny,11,0
303,paper,2025-03-07 15:58:36,sunny,11,0
304,metal,2025-03-07 02:43:21,sunny,11,0
305,organic,2025-03-07 05:00:23,sunny,11,0
306,glass,2025-03-07 09:23:09,sunny,11,0
307,metal,2025-03-07 05:35:11,sunny,11,0
308,organic,2025-03-07 05:21:32,sunny,11,0
309,metal,2025-03-08 20:39:11,sunny,10,0
310,metal,2025-03-08 11:43:52,sunny,10,0
311,metal,2025-03-08 07:14:43,sunny,10,0
312,plastic,2025-03-08 04:56:46,sunny,10,0
313,glass,2025-03-09 10:13:23,sunny,8,0
314,glass,2025-03-09 06:47:35,sunny,8,0
315,metal,2025-03-09 08:15:49,sunny,8,0
316,metal,2025-03-09 19:03:11,sunny,8,0
317,paper,2025-03-10 21:53:55,misty,9,0
318,plastic,2025-03-10 22:23:11,misty,9,0
319,plastic,2025-03-10 09:00:03,misty,9,0
320,metal,2025-03-10 20:34:34,misty,9,0
321,metal,2025-03-10 20:45:37,misty,9,0
322,glass,2025-03-10 14:36:06,misty,9,0
323,metal,2025-03-10 06:07:13,misty,9,0
324,plastic,2025-03-11 13:54:26,cloudy,9,0
325,glass,2025-03-11 21:52:12,cloudy,9,0
326,metal,2025-03-11 15:13:51,cloudy,9,0
327,metal,2025-03-11 15:41:17,cloudy,9,0
328,organic,2025-03-11 16:36:55,cloudy,9,0
329,plastic,2025-03-11 02:21:31,cloudy,9,0
330,metal,2025-03-11 16:03:52,cloudy,9,0
331,metal,2025-03-12 20:35:56,rainy,5,0
332,plastic,2025-03-12 09:22:16,rainy,5,0
333,glass,2025-03-12 21:13:37,rainy,5,0
334,glass,2025-03-12 03:00:10,rainy,5,0
335,glass,2025-03-12 20:43:58,rainy,5,0
336,glass,2025-03-13 21:08:06,cloudy,12,0
337,metal,2025-03-13 10:26:00,cloudy,12,0
338,glass,2025-03-13 19:51:23,cloudy,12,0
339,paper,2025-03-13 01:37:18,cloudy,12,0
340,metal,2025-03-13 13:43:26,cloudy,12,0
341,plastic,2025-03-13 11:03:52,cloudy,12,0
342,glass,2025-03-13 18:30:03,cloudy,12,0
343,plastic,2025-03-14 17:50:20,sunny,8,0
344,plastic,2025-03-14 22:34:26,sunny,8,0
345,plastic,2025-03-14 04:15:58,sunny,8,0
346,glass,2025-03-14 22:09:05,sunny,8,0
347,paper,2025-03-14 19:12:46,sunny,8,0
348,metal,2025-03-14 03:41:47,sunny,8,0
349,glass,2025-03-14 12:16:10,sunny,8,0
350,glass,2025-03-14 10:12:00,sunny,8,0
351,paper,2025-03-15 15:11:22,sunny,7,0
352,glass,2025-03-15 16:36:11,sunny,7,0
353,metal,2025-03-15 00:20:17,sunny,7,0
354,glass,2025-03-15 14:38:26,sunny,7,0
355,plastic,2025-03-16 13:01:29,cloudy,10,0
356,paper,2025-03-16 18:18:28,cloudy,10,0
357,plastic,2025-03-16 11:00:27,cloudy,10,0
358,metal,2025-03-16 21:17:44,cloudy,10,0
359,glass,2025-03-17 12:50:04,stormy,11,0
360,paper,2025-03-17 09:26:43,stormy,11,0
361,metal,2025-03-17 10:50:52,stormy,11,0
362,glass,2025-03-17 03:14:11,stormy,11,0
363,metal,2025-03-17 15:20:44,stormy,11,0
364,metal,2025-03-18 08:40:00,sunny,10,0
365,metal,2025-03-18 21:37:06,sunny,10,0
366,metal,2025-03-18 09:29:37,sunny,10,0
367,glass,2025-03-18 20:27:40,sunny,10,0
368,plastic,2025-03-18 07:00:28,sunny,10,0
369,glass,2025-03-18 13:13:33,sunny,10,0
370,metal,2025-03-18 12:42:17,sunny,10,0
371,glass,2025-03-18 06:46:01,sunny,10,0
372,organic,2025-03-19 17:54:39,cloudy,12,0
373,glass,2025-03-19 13:35:20,cloudy,12,0
374,metal,2025-03-19 02:34:42,cloudy,12,0
375,paper,2025-03-19 16:15:26,cloudy,12,0
376,glass,2025-03-19 04:39:37,cloudy,12,0
377,metal,2025-03-19 06:10:24,cloudy,12,0
378,metal,2025-03-19 11:06:54,cloudy,12,0
379,paper,2025-03-20 20:32:09,cloudy,6,0
380,glass,2025-03-20 01:34:02,cloudy,6,0
381,paper,2025-03-20 05:08:53,cloudy,6,0
382,plastic,2025-03-20 10:37:59,cloudy,6,0
383,paper,2025-03-20 14:59:15,cloudy,6,0
384,glass,2025-03-20 00:29:05,cloudy,6,0
385,metal,2025-03-20 05:57:10,cloudy,6,0
386,metal,2025-03-21 02:21:18,rainy,11,0
387,metal,2025-03-21 15:18:01,rainy,11,0
388,organic,2025-03-21 02:50:31,rainy,11,0
389,plastic,2025-03-21 03:53:52,rainy,11,0
390,glass,2025-03-21 13:16:40,rainy,11,0
391,plastic,2025-03-21 05:46:41,rainy,11,0
392,metal,2025-03-22 07:45:09,rainy,3,0
393,glass,2025-03-22 21:28:56,rainy,3,0
394,glass,2025-03-23 03:21:21,cloudy,7,0
395,glass,2025-03-23 04:05:16,cloudy,7,0
396,metal,2025-03-23 16:14:03,cloudy,7,0
397,metal,2025-03-23 02:37:53,cloudy,7,0
398,metal,2025-03-24 22:29:17,cloudy,8,0
399,metal,2025-03-24 10:07:05,cloudy,8,0
400,glass,2025-03-24 20:13:52,cloudy,8,0
401,paper,2025-03-24 10:14:03,cloudy,8,0
402,metal,2025-03-24 15:41:38,cloudy,8,0
403,glass,2025-03-24 11:12:23,cloudy,8,0
404,glass,2025-03-24 18:27:52,cloudy,8,0
405,metal,2025-03-25 08:13:01,sunny,7,0
406,glass,2025-03-25 08:37:17,sunny,7,0
407,metal,2025-03-25 09:10:23,sunny,7,0
408,metal,2025-03-25 08:51:03,sunny,7,0
409,paper,2025-03-25 03:29:25,sunny,7,0
410,glass,2025-03-25 15:01:30,sunny,7,0
411,plastic,2025-03-25 09:12:07,sunny,7,0
412,glass,2025-03-25 14:39:50,sunny,7,0
413,glass,2025-03-26 01:28:27,sunny,8,0
414,metal,2025-03-26 13:05:06,sunny,8,0
415,glass,2025-03-26 21:16:31,sunny,8,0
416,metal,2025-03-26 17:46:42,sunny,8,0
417,paper,2025-03-26 18:04:45,sunny,8,0
418,metal,2025-03-26 02:33:09,sunny,8,0
419,organic,2025-03-26 13:05:06,sunny,8,0
420,paper,2025-03-26 14:42:23,sunny,8,0
421,metal,2025-03-27 03:50:39,cloudy,7,0
422,metal,2025-03-27 18:30:03,cloudy,7,0
423,organic,2025-03-27 21:59:22,cloudy,7,0
424,plastic,2025-03-27 09:23:49,cloudy,7,0
425,metal,2025-03-27 14:14:39,cloudy,7,0
426,plastic,2025-03-27 20:53:30,cloudy,7,0
427,plastic,2025-03-27 04:44:27,cloudy,7,0
428,metal,2025-03-28 13:21:36,rainy,7,0
429,plastic,2025-03-28 05:47:59,rainy,7,0
430,glass,2025-03-28 06:40:33,rainy,7,0
431,glass,2025-03-28 22:44:25,rainy,7,0
432,metal,2025-03-28 03:13:34,rainy,7,0
433,metal,2025-03-28 05:31:58,rainy,7,0
434,plastic,2025-03-29 04:01:24,sunny,3,0
435,glass,2025-03-29 17:19:42,sunny,3,0
436,paper,2025-03-29 05:35:58,sunny,3,0
437,metal,2025-03-29 10:11:24,sunny,3,0
438,metal,2025-03-30 14:03:49,sunny,12,0
439,glass,2025-03-30 13:23:24,sunny,12,0
440,paper,2025-03-30 22:40:29,sunny,12,0
441,organic,2025-03-30 23:50:56,sunny,12,0
442,glass,2025-03-31 22:02:55,cloudy,10,0
443,metal,2025-03-31 19:29:09,cloudy,10,0
444,plastic,2025-03-31 06:30:20,cloudy,10,0
445,metal,2025-03-31 10:03:00,cloudy,10,0
446,plastic,2025-03-31 02:22:15,cloudy,10,0
447,paper,2025-03-31 18:08:41,cloudy,10,0
448,glass,2025-03-31 12:33:13,cloudy,10,0
449,metal,2025-04-01 07:23:59,cloudy,10,0
450,organic,2025-04-01 01:46:10,cloudy,10,0
451,plastic,2025-04-01 01:49:07,cloudy,10,0
452,metal,2025-04-01 20:10:15,cloudy,10,0
453,glass,2025-04-01 01:35:57,cloudy,10,0
454,paper,2025-04-01 07:57:22,cloudy,10,0
455,metal,2025-04-01 08:56:07,cloudy,10,0
456,plastic,2025-04-02 05:14:27,cloudy,11,0
457,metal,2025-04-02 15:12:23,cloudy,11,0
458,metal,2025-04-02 02:00:37,cloudy,11,0
459,metal,2025-04-02 13:06:37,cloudy,11,0
460,organic,2025-04-02 00:38:09,cloudy,11,0
461,plastic,2025-04-02 01:28:42,cloudy,11,0
462,metal,2025-04-02 13:44:10,cloudy,11,0
463,metal,2025-04-03 06:10:27,cloudy,12,0
464,metal,2025-04-03 07:35:54,cloudy,12,0
465,metal,2025-04-03 19:42:44,cloudy,12,0
466,metal,2025-04-03 02:17:29,cloudy,12,0
467,glass,2025-04-03 21:48:01,cloudy,12,0
468,organic,2025-04-03 03:57:17,cloudy,12,0
469,metal,2025-04-03 13:19:30,cloudy,12,0
470,glass,2025-04-04 16:53:41,cloudy,13,0
471,metal,2025-04-04 17:54:15,cloudy,13,0
472,glass,2025-04-04 23:26:08,cloudy,13,0
473,metal,2025-04-04 05:24:56,cloudy,13,0
474,glass,2025-04-04 01:09:51,cloudy,13,0
475,glass,2025-04-04 08:18:47,cloudy,13,0
476,metal,2025-04-04 09:50:00,cloudy,13,0
477,plastic,2025-04-05 12:11:19,cloudy,12,0
478,metal,2025-04-05 17:42:52,cloudy,12,0
479,paper,2025-04-05 17:06:51,cloudy,12,0
480,metal,2025-04-05 03:58:21,cloudy,12,0
481,glass,2025-04-06 05:54:27,cloudy,5,0
482,metal,2025-04-06 03:03:22,cloudy,5,0
483,plastic,2025-04-06 07:42:40,cloudy,5,0
484,metal,2025-04-07 13:40:28,sunny,11,0
485,metal,2025-04-07 07:47:50,sunny,11,0
486,glass,2025-04-07 17:12:49,sunny,11,0
487,metal,2025-04-07 03:16:14,sunny,11,0
488,plastic,2025-04-07 19:32:07,sunny,11,0
489,metal,2025-04-07 19:01:16,sunny,11,0
490,glass,2025-04-07 12:09:46,sunny,11,0
491,glass,2025-04-07 19:42:52,sunny,11,0
492,plastic,2025-04-08 09:38:09,rainy,11,0
493,metal,2025-04-08 21:04:56,rainy,11,0
494,metal,2025-04-08 10:40:36,rainy,11,0
495,plastic,2025-04-08 01:28:59,rainy,11,0
496,metal,2025-04-08 14:07:21,rainy,11,0
497,paper,2025-04-08 07:22:19,rainy,11,0
498,plastic,2025-04-09 21:26:10,sunny,10,0
499,metal,2025-04-09 22:42:05,sunny,10,0
500,metal,2025-04-09 07:46:00,sunny,10,0
501,plastic,2025-04-09 10:51:10,sunny,10,0
502,metal,2025-04-09 15:12:08,sunny,10,0
503,metal,2025-04-09 15:19:36,sunny,10,0
504,metal,2025-04-09 09:33:58,sunny,10,0
505,plastic,2025-04-09 09:56:08,sunny,10,0
506,metal,2025-04-10 16:48:35,rainy,13,0
507,glass,2025-04-10 00:53:14,rainy,13,0
508,metal,2025-04-10 22:45:39,rainy,13,0
509,glass,2025-04-10 08:01:24,rainy,13,0
510,metal,2025-04-10 23:18:56,rainy,13,0
511,metal,2025-04-10 23:29:51,rainy,13,0
512,glass,2025-04-11 22:34:07,sunny,8,0
513,organic,2025-04-11 21:58:28,sunny,8,0
514,metal,2025-04-11 02:33:57,sunny,8,0
515,metal,2025-04-11 17:21:18,sunny,8,0
516,paper,2025-04-11 06:48:35,sunny,8,0
517,paper,2025-04-11 06:54:51,sunny,8,0
518,glass,2025-04-11 04:04:39,sunny,8,0
519,metal,2025-04-11 02:06:47,sunny,8,0
520,metal,2025-04-12 22:35:52,cloudy,12,0
521,metal,2025-04-12 14:23:31,cloudy,12,0
522,metal,2025-04-12 17:13:41,cloudy,12,0
523,organic,2025-04-12 17:13:08,cloudy,12,0
524,paper,2025-04-13 19:46:46,rainy,8,0
525,metal,2025-04-13 12:28:19,rainy,8,0
526,glass,2025-04-14 05:05:32,cloudy,4,0
527,organic,2025-04-14 11:02:00,cloudy,4,0
528,metal,2025-04-14 03:31:45,cloudy,4,0
529,plastic,2025-04-14 11:47:18,cloudy,4,0
530,organic,2025-04-14 19:37:34,cloudy,4,0
531,glass,2025-04-14 12:08:47,cloudy,4,0
532,plastic,2025-04-14 15:52:12,cloudy,4,0
533,glass,2025-04-15 21:43:37,cloudy,11,0
534,metal,2025-04-15 07:29:29,cloudy,11,0
535,glass,2025-04-15 07:11:29,cloudy,11,0
536,metal,2025-04-15 02:49:55,cloudy,11,0
537,glass,2025-04-15 04:31:13,cloudy,11,0
538,glass,2025-04-15 03:36:21,cloudy,11,0
539,glass,2025-04-15 07:45:32,cloudy,11,0
540,metal,2025-04-16 22:28:00,sunny,13,0
541,metal,2025-04-16 09:53:43,sunny,13,0
542,metal,2025-04-16 08:05:29,sunny,13,0
543,glass,2025-04-16 07:09:32,sunny,13,0
544,glass,2025-04-16 22:41:01,sunny,13,0
545,plastic,2025-04-16 19:24:25,sunny,13,0
546,metal,2025-04-16 08:04:57,sunny,13,0
547,glass,2025-04-16 07:42:03,sunny,13,0
548,organic,2025-04-17 10:03:16,cloudy,8,0
549,glass,2025-04-17 12:20:13,cloudy,8,0
550,paper,2025-04-17 00:33:14,cloudy,8,0
551,glass,2025-04-17 09:59:32,cloudy,8,0
552,glass,2025-04-17 14:21:32,cloudy,8,0
553,metal,2025-04-17 02:48:16,cloudy,8,0
554,metal,2025-04-17 14:59:24,cloudy,8,0
555,metal,2025-04-18 19:09:21,cloudy,15,1
556,paper,2025-04-18 00:55:03,cloudy,15,1
557,plastic,2025-04-18 17:34:34,cloudy,15,1
558,metal,2025-04-18 15:44:42,cloudy,15,1
559,glass,2025-04-18 04:03:55,cloudy,15,1
560,metal,2025-04-18 10:58:02,cloudy,15,1
561,metal,2025-04-18 04:51:58,cloudy,15,1
562,plastic,2025-04-19 14:24:54,cloudy,12,0
563,glass,2025-04-19 07:38:05,cloudy,12,0
564,metal,2025-04-19 20:31:28,cloudy,12,0
565,paper,2025-04-19 08:22:44,cloudy,12,0
566,organic,2025-04-20 09:49:09,cloudy,7,1
567,metal,2025-04-20 22:23:51,cloudy,7,1
568,paper,2025-04-20 09:25:00,cloudy,7,1
569,metal,2025-04-20 16:18:21,cloudy,7,1
570,plastic,2025-04-21 18:08:16,sunny,12,1
571,metal,2025-04-21 11:04:20,sunny,12,1
572,glass,2025-04-21 00:37:45,sunny,12,1
573,metal,2025-04-21 02:34:21,sunny,12,1
574,paper,2025-04-21 02:45:09,sunny,12,1
575,glass,2025-04-21 03:15:52,sunny,12,1
576,paper,2025-04-21 19:31:04,sunny,12,1
577,organic,2025-04-21 12:29:00,sunny,12,1
578,metal,2025-04-22 01:03:13,cloudy,13,0
579,glass,2025-04-22 10:14:16,cloudy,13,0
580,paper,2025-04-22 20:22:38,cloudy,13,0
581,paper,2025-04-22 07:26:42,cloudy,13,0
582,glass,2025-04-22 15:44:11,cloudy,13,0
583,metal,2025-04-22 03:07:59,cloudy,13,0
584,metal,2025-04-22 21:08:29,cloudy,13,0
585,metal,2025-04-23 20:26:36,cloudy,11,0
586,metal,2025-04-23 20:37:19,cloudy,11,0
587,metal,2025-04-23 13:06:02,cloudy,11,0
588,glass,2025-04-23 15:43:35,cloudy,11,0
589,plastic,2025-04-23 18:08:33,cloudy,11,0
590,glass,2025-04-23 18:01:26,cloudy,11,0
591,metal,2025-04-23 02:25:12,cloudy,11,0
592,metal,2025-04-24 18:04:28,rainy,10,0
593,glass,2025-04-24 22:59:57,rainy,10,0
594,glass,2025-04-24 07:46:50,rainy,10,0
595,plastic,2025-04-24 04:20:08,rainy,10,0
596,metal,2025-04-24 10:08:40,rainy,10,0
597,metal,2025-04-24 16:58:43,rainy,10,0
598,glass,2025-04-25 02:40:57,sunny,11,0
599,metal,2025-04-25 19:05:49,sunny,11,0
600,glass,2025-04-25 14:26:32,sunny,11,0
601,glass,2025-04-25 23:00:01,sunny,11,0
602,metal,2025-04-25 21:53:46,sunny,11,0
603,metal,2025-04-25 18:09:35,sunny,11,0
604,metal,2025-04-25 05:36:53,sunny,11,0
605,paper,2025-04-25 12:18:09,sunny,11,0
606,metal,2025-04-26 11:32:23,stormy,10,0
607,glass,2025-04-26 18:43:03,stormy,10,0
608,glass,2025-04-27 12:56:31,cloudy,8,1
609,plastic,2025-04-27 03:55:05,cloudy,8,1
610,glass,2025-04-27 23:56:09,cloudy,8,1
611,glass,2025-04-27 05:27:03,cloudy,8,1
612,paper,2025-04-28 22:44:28,rainy,9,0
613,metal,2025-04-28 10:39:26,rainy,9,0
614,glass,2025-04-28 21:17:58,rainy,9,0
615,glass,2025-04-28 23:07:40,rainy,9,0
616,paper,2025-04-28 03:22:46,rainy,9,0
617,glass,2025-04-28 22:21:20,rainy,9,0
618,plastic,2025-04-29 07:00:40,cloudy,9,0
619,metal,2025-04-29 19:11:14,cloudy,9,0
620,organic,2025-04-29 05:40:27,cloudy,9,0
621,paper,2025-04-29 06:36:16,cloudy,9,0
622,glass,2025-04-29 18:51:56,cloudy,9,0
623,metal,2025-04-29 15:21:02,cloudy,9,0
624,glass,2025-04-29 09:54:00,cloudy,9,0
625,plastic,2025-04-30 12:57:49,cloudy,6,0
626,metal,2025-04-30 19:28:50,cloudy,6,0
627,metal,2025-04-30 10:20:26,cloudy,6,0
628,metal,2025-04-30 12:35:57,cloudy,6,0
629,plastic,2025-04-30 23:35:26,cloudy,6,0
630,metal,2025-04-30 21:49:02,cloudy,6,0
631,plastic,2025-04-30 20:43:16,cloudy,6,0
632,glass,2025-05-01 00:31:32,cloudy,15,0
633,glass,2025-05-01 11:29:33,cloudy,15,0
634,plastic,2025-05-01 17:38:50,cloudy,15,0
635,glass,2025-05-01 06:20:12,cloudy,15,0
636,metal,2025-05-01 05:43:02,cloudy,15,0
637,plastic,2025-05-01 21:42:43,cloudy,15,0
638,plastic,2025-05-01 10:05:03,cloudy,15,0
639,metal,2025-05-02 20:27:19,stormy,15,0
640,plastic,2025-05-02 15:48:07,stormy,15,0
641,metal,2025-05-02 15:48:15,stormy,15,0
642,glass,2025-05-02 23:48:20,stormy,15,0
643,plastic,2025-05-02 11:55:38,stormy,15,0
644,metal,2025-05-03 21:41:57,rainy,15,0
645,plastic,2025-05-03 04:20:12,rainy,15,0
646,plastic,2025-05-04 01:42:04,cloudy,18,0
647,plastic,2025-05-04 21:48:51,cloudy,18,0
648,paper,2025-05-04 19:34:57,cloudy,18,0
649,metal,2025-05-04 08:41:05,cloudy,18,0
650,metal,2025-05-05 13:36:09,sunny,12,1
651,glass,2025-05-05 12:42:00,sunny,12,1
652,paper,2025-05-05 14:52:24,sunny,12,1
653,metal,2025-05-05 02:36:38,sunny,12,1
654,glass,2025-05-05 20:41:50,sunny,12,1
655,metal,2025-05-05 06:52:05,sunny,12,1
656,metal,2025-05-05 05:05:25,sunny,12,1
657,metal,2025-05-05 13:25:56,sunny,12,1
658,paper,2025-05-06 00:53:22,sunny,17,0
659,metal,2025-05-06 05:53:50,sunny,17,0
660,metal,2025-05-06 16:59:17,sunny,17,0
661,glass,2025-05-06 03:05:16,sunny,17,0
662,glass,2025-05-06 17:21:12,sunny,17,0
663,paper,2025-05-06 23:32:29,sunny,17,0
664,glass,2025-05-06 18:48:05,sunny,17,0
665,metal,2025-05-06 08:52:47,sunny,17,0
666,glass,2025-05-07 05:46:47,rainy,15,0
667,glass,2025-05-07 23:40:52,rainy,15,0
668,organic,2025-05-07 23:43:16,rainy,15,0
669,glass,2025-05-07 17:10:34,rainy,15,0
670,glass,2025-05-07 14:41:57,rainy,15,0
671,paper,2025-05-07 20:43:27,rainy,15,0
672,metal,2025-05-08 03:15:56,rainy,16,0
673,metal,2025-05-08 10:58:48,rainy,16,0
674,metal,2025-05-08 17:20:07,rainy,16,0
675,metal,2025-05-08 12:33:39,rainy,16,0
676,metal,2025-05-08 14:02:12,rainy,16,0
677,paper,2025-05-08 14:00:53,rainy,16,0
678,metal,2025-05-09 12:23:19,cloudy,15,0
679,metal,2025-05-09 18:20:03,cloudy,15,0
680,metal,2025-05-09 06:26:04,cloudy,15,0
681,metal,2025-05-09 12:14:11,cloudy,15,0
682,metal,2025-05-09 14:18:26,cloudy,15,0
683,metal,2025-05-09 18:33:37,cloudy,15,0
684,metal,2025-05-09 05:33:19,cloudy,15,0
685,glass,2025-05-10 19:05:54,cloudy,15,0
686,paper,2025-05-10 09:59:56,cloudy,15,0
687,metal,2025-05-10 00:03:08,cloudy,15,0
688,plastic,2025-05-10 04:58:22,cloudy,15,0
689,metal,2025-05-11 06:06:07,rainy,13,0
690,glass,2025-05-11 00:28:41,rainy,13,0
691,metal,2025-05-12 14:01:27,sunny,16,0
692,glass,2025-05-12 12:31:46,sunny,16,0
693,metal,2025-05-12 20:24:47,sunny,16,0
694,metal,2025-05-12 03:01:53,sunny,16,0
695,metal,2025-05-12 20:32:15,sunny,16,0
696,plastic,2025-05-12 16:42:16,sunny,16,0
697,glass,2025-05-12 22:59:07,sunny,16,0
698,metal,2025-05-12 11:20:59,sunny,16,0
699,metal,2025-05-13 09:13:15,cloudy,14,0
700,glass,2025-05-13 01:14:13,cloudy,14,0
701,paper,2025-05-13 11:54:17,cloudy,14,0
702,glass,2025-05-13 05:41:43,cloudy,14,0
703,glass,2025-05-13 09:07:12,cloudy,14,0
704,metal,2025-05-13 03:17:10,cloudy,14,0
705,plastic,2025-05-13 19:41:26,cloudy,14,0
706,plastic,2025-05-14 17:58:38,sunny,16,0
707,plastic,2025-05-14 22:42:07,sunny,16,0
708,glass,2025-05-14 02:52:17,sunny,16,0
709,metal,2025-05-14 10:44:54,sunny,16,0
710,glass,2025-05-14 02:13:23,sunny,16,0
711,glass,2025-05-14 01:27:08,sunny,16,0
712,metal,2025-05-14 21:08:15,sunny,16,0
713,plastic,2025-05-14 22:27:08,sunny,16,0
714,glass,2025-05-15 13:55:33,rainy,19,0
715,metal,2025-05-15 21:24:35,rainy,19,0
716,metal,2025-05-15 06:09:24,rainy,19,0
717,metal,2025-05-15 03:56:40,rainy,19,0
718,paper,2025-05-15 10:40:39,rainy,19,0
719,glass,2025-05-15 22:00:15,rainy,19,0
720,metal,2025-05-16 15:54:07,cloudy,21,0
721,glass,2025-05-16 16:26:07,cloudy,21,0
722,plastic,2025-05-16 00:03:04,cloudy,21,0
723,plastic,2025-05-16 18:06:26,cloudy,21,0
724,metal,2025-05-16 06:46:03,cloudy,21,0
725,metal,2025-05-16 13:09:27,cloudy,21,0
726,glass,2025-05-16 12:49:13,cloudy,21,0
727,plastic,2025-05-16 22:18:35,cloudy,21,0
728,metal,2025-05-17 11:47:21,sunny,14,0
729,metal,2025-05-17 21:56:10,sunny,14,0
730,organic,2025-05-17 22:43:51,sunny,14,0
731,glass,2025-05-17 18:29:54,sunny,14,0
732,metal,2025-05-18 00:26:17,rainy,13,0
733,metal,2025-05-18 18:15:02,rainy,13,0
734,plastic,2025-05-19 07:23:40,cloudy,20,0
735,metal,2025-05-19 08:36:02,cloudy,20,0
736,glass,2025-05-19 17:25:33,cloudy,20,0
737,metal,2025-05-19 17:40:06,cloudy,20,0
738,metal,2025-05-19 00:04:20,cloudy,20,0
739,glass,2025-05-19 09:03:14,cloudy,20,0
740,glass,2025-05-19 21:21:10,cloudy,20,0
741,metal,2025-05-19 02:27:46,cloudy,20,0
742,metal,2025-05-20 03:12:57,sunny,13,0
743,metal,2025-05-20 20:11:16,sunny,13,0
744,plastic,2025-05-20 22:18:24,sunny,13,0
745,glass,2025-05-20 09:38:24,sunny,13,0
746,glass,2025-05-20 03:13:12,sunny,13,0
747,paper,2025-05-20 23:46:41,sunny,13,0
748,glass,2025-05-20 21:44:47,sunny,13,0
749,glass,2025-05-20 15:21:40,sunny,13,0
750,metal,2025-05-21 03:28:37,cloudy,13,0
751,glass,2025-05-21 04:26:47,cloudy,13,0
752,metal,2025-05-21 06:00:59,cloudy,13,0
753,glass,2025-05-21 15:10:37,cloudy,13,0
754,metal,2025-05-21 09:52:40,cloudy,13,0
755,glass,2025-05-21 17:07:56,cloudy,13,0
756,paper,2025-05-21 10:07:20,cloudy,13,0
757,glass,2025-05-22 07:49:04,sunny,13,0
758,metal,2025-05-22 10:40:16,sunny,13,0
759,metal,2025-05-22 05:40:17,sunny,13,0
760,glass,2025-05-22 17:03:09,sunny,13,0
761,metal,2025-05-22 06:13:39,sunny,13,0
762,plastic,2025-05-22 02:11:38,sunny,13,0
763,glass,2025-05-22 08:58:26,sunny,13,0
764,glass,2025-05-22 16:07:49,sunny,13,0
765,metal,2025-05-23 02:18:19,cloudy,19,0
766,metal,2025-05-23 21:25:35,cloudy,19,0
767,metal,2025-05-23 04:32:13,cloudy,19,0
768,glass,2025-05-23 14:13:04,cloudy,19,0
769,paper,2025-05-23 03:11:14,cloudy,19,0
770,glass,2025-05-23 06:28:46,cloudy,19,0
771,metal,2025-05-23 02:06:57,cloudy,19,0
772,plastic,2025-05-24 22:34:59,cloudy,11,0
773,glass,2025-05-24 21:44:47,cloudy,11,0
774,metal,2025-05-24 15:49:49,cloudy,11,0
775,glass,2025-05-24 17:56:00,cloudy,11,0
776,glass,2025-05-25 12:44:36,sunny,15,0
777,glass,2025-05-25 01:16:25,sunny,15,0
778,metal,2025-05-25 20:26:15,sunny,15,0
779,paper,2025-05-25 13:32:40,sunny,15,0
780,glass,2025-05-26 08:19:44,cloudy,13,0
781,glass,2025-05-26 02:32:50,cloudy,13,0
782,glass,2025-05-26 22:36:21,cloudy,13,0
783,metal,2025-05-26 12:27:22,cloudy,13,0
784,plastic,2025-05-26 10:00:44,cloudy,13,0
785,paper,2025-05-26 20:37:50,cloudy,13,0
786,organic,2025-05-26 15:30:08,cloudy,13,0
787,glass,2025-05-27 19:15:02,sunny,16,0
788,plastic,2025-05-27 05:29:46,sunny,16,0
789,paper,2025-05-27 03:50:05,sunny,16,0
790,metal,2025-05-27 23:52:27,sunny,16,0
791,plastic,2025-05-27 12:46:53,sunny,16,0
792,metal,2025-05-27 14:23:21,sunny,16,0
793,metal,2025-05-27 15:54:50,sunny,16,0
794,plastic,2025-05-27 09:47:45,sunny,16,0
795,glass,2025-05-28 07:57:15,cloudy,15,0
796,paper,2025-05-28 09:42:32,cloudy,15,0
797,paper,2025-05-28 16:45:25,cloudy,15,0
798,paper,2025-05-28 06:37:41,cloudy,15,0
799,metal,2025-05-28 16:22:12,cloudy,15,0
800,plastic,2025-05-28 20:06:28,cloudy,15,0
801,glass,2025-05-28 01:40:48,cloudy,15,0
802,metal,2025-05-29 02:31:45,cloudy,12,1
803,metal,2025-05-29 17:52:48,cloudy,12,1
804,metal,2025-05-29 23:04:43,cloudy,12,1
805,metal,2025-05-29 14:26:36,cloudy,12,1
806,paper,2025-05-29 02:30:04,cloudy,12,1
807,organic,2025-05-29 04:06:36,cloudy,12,1
808,metal,2025-05-29 05:39:02,cloudy,12,1
809,plastic,2025-05-30 20:26:05,sunny,15,0
810,organic,2025-05-30 11:50:52,sunny,15,0
811,glass,2025-05-30 16:45:12,sunny,15,0
812,glass,2025-05-30 16:34:28,sunny,15,0
813,paper,2025-05-30 12:40:01,sunny,15,0
814,glass,2025-05-30 23:05:08,sunny,15,0
815,glass,2025-05-30 13:06:38,sunny,15,0
816,metal,2025-05-30 07:59:55,sunny,15,0
817,plastic,2025-05-31 21:45:40,cloudy,12,0
818,plastic,2025-05-31 04:12:55,cloudy,12,0
819,glass,2025-05-31 10:46:37,cloudy,12,0
820,metal,2025-05-31 19:43:09,cloudy,12,0
821,metal,2025-06-01 19:25:41,cloudy,13,0
822,metal,2025-06-01 09:31:24,cloudy,13,0
823,paper,2025-06-01 23:20:37,cloudy,13,0
824,metal,2025-06-01 21:48:52,cloudy,13,0
825,plastic,2025-06-02 09:45:21,rainy,20,0
826,metal,2025-06-02 15:22:57,rainy,20,0
827,glass,2025-06-02 07:14:53,rainy,20,0
828,plastic,2025-06-02 05:20:11,rainy,20,0
829,glass,2025-06-02 21:01:41,rainy,20,0
830,glass,2025-06-02 20:39:42,rainy,20,0
831,plastic,2025-06-02 15:20:04,rainy,20,0
832,glass,2025-06-03 07:25:19,sunny,18,0
833,glass,2025-06-03 08:18:17,sunny,18,0
834,metal,2025-06-03 10:33:58,sunny,18,0
835,metal,2025-06-03 05:52:29,sunny,18,0
836,metal,2025-06-03 21:54:21,sunny,18,0
837,metal,2025-06-03 06:54:33,sunny,18,0
838,metal,2025-06-03 08:46:06,sunny,18,0
839,glass,2025-06-03 12:36:32,sunny,18,0
840,paper,2025-06-04 12:36:10,sunny,21,0
841,metal,2025-06-04 09:21:18,sunny,21,0
842,glass,2025-06-04 15:23:18,sunny,21,0
843,metal,2025-06-04 08:36:23,sunny,21,0
844,paper,2025-06-04 05:19:46,sunny,21,0
845,organic,2025-06-04 12:40:32,sunny,21,0
846,metal,2025-06-04 09:09:41,sunny,21,0
847,metal,2025-06-04 09:06:45,sunny,21,0
848,glass,2025-06-04 07:09:52,sunny,21,0
849,paper,2025-06-05 19:57:35,sunny,20,0
850,metal,2025-06-05 09:50:56,sunny,20,0
851,metal,2025-06-05 02:53:29,sunny,20,0
852,metal,2025-06-05 21:19:34,sunny,20,0
853,metal,2025-06-05 17:19:27,sunny,20,0
854,glass,2025-06-05 19:49:15,sunny,20,0
855,glass,2025-06-05 22:16:04,sunny,20,0
856,metal,2025-06-05 15:22:28,sunny,20,0
857,glass,2025-06-05 06:02:30,sunny,20,0
858,glass,2025-06-06 15:29:26,cloudy,14,0
859,paper,2025-06-06 05:20:33,cloudy,14,0
860,plastic,2025-06-06 19:47:30,cloudy,14,0
861,metal,2025-06-06 19:30:16,cloudy,14,0
862,organic,2025-06-06 21:42:40,cloudy,14,0
863,metal,2025-06-06 06:04:46,cloudy,14,0
864,glass,2025-06-06 22:53:13,cloudy,14,0
865,metal,2025-06-07 00:09:47,cloudy,22,0
866,glass,2025-06-07 19:05:36,cloudy,22,0
867,metal,2025-06-07 06:41:05,cloudy,22,0
868,metal,2025-06-07 05:27:55,cloudy,22,0
869,plastic,2025-06-08 17:48:39,cloudy,12,1
870,plastic,2025-06-08 18:45:02,cloudy,12,1
871,metal,2025-06-08 16:54:31,cloudy,12,1
872,glass,2025-06-08 19:37:21,cloudy,12,1
873,metal,2025-06-09 19:23:40,misty,17,1
874,paper,2025-06-09 02:59:33,misty,17,1
875,glass,2025-06-09 23:36:48,misty,17,1
876,plastic,2025-06-09 21:39:01,misty,17,1
877,glass,2025-06-09 13:58:00,misty,17,1
878,organic,2025-06-09 01:00:40,misty,17,1
879,metal,2025-06-09 07:08:17,misty,17,1
880,metal,2025-06-10 02:00:10,cloudy,20,0
881,metal,2025-06-10 00:20:34,cloudy,20,0
882,glass,2025-06-10 12:15:52,cloudy,20,0
883,metal,2025-06-10 11:23:43,cloudy,20,0
884,metal,2025-06-10 01:33:07,cloudy,20,0
885,metal,2025-06-10 09:56:32,cloudy,20,0
886,glass,2025-06-10 01:12:16,cloudy,20,0
887,paper,2025-06-10 07:06:10,cloudy,20,0
888,metal,2025-06-11 11:02:54,cloudy,12,0
889,metal,2025-06-11 04:53:01,cloudy,12,0
890,metal,2025-06-11 17:38:35,cloudy,12,0
891,plastic,2025-06-11 15:01:36,cloudy,12,0
892,metal,2025-06-11 23:43:58,cloudy,12,0
893,plastic,2025-06-11 20:33:08,cloudy,12,0
894,metal,2025-06-11 09:02:45,cloudy,12,0
895,metal,2025-06-12 12:43:49,cloudy,23,0
896,glass,2025-06-12 17:29:53,cloudy,23,0
897,metal,2025-06-12 17:13:54,cloudy,23,0
898,organic,2025-06-12 01:36:01,cloudy,23,0
899,metal,2025-06-12 12:02:29,cloudy,23,0
900,glass,2025-06-12 08:09:13,cloudy,23,0
901,metal,2025-06-12 07:30:29,cloudy,23,0
902,metal,2025-06-12 22:03:39,cloudy,23,0
903,metal,2025-06-13 11:10:25,misty,18,0
904,plastic,2025-06-13 21:42:47,misty,18,0
905,glass,2025-06-13 14:37:03,misty,18,0
906,metal,2025-06-13 14:26:21,misty,18,0
907,metal,2025-06-13 22:57:21,misty,18,0
908,paper,2025-06-13 00:31:31,misty,18,0
909,metal,2025-06-13 01:13:19,misty,18,0
910,glass,2025-06-14 00:35:57,cloudy,12,0
911,metal,2025-06-14 22:41:00,cloudy,12,0
912,metal,2025-06-14 21:29:43,cloudy,12,0
913,metal,2025-06-14 13:19:16,cloudy,12,0
914,glass,2025-06-15 03:59:04,cloudy,16,0
915,metal,2025-06-15 07:18:55,cloudy,16,0
916,metal,2025-06-15 15:00:06,cloudy,16,0
917,metal,2025-06-15 07:57:18,cloudy,16,0
918,glass,2025-06-16 10:13:26,cloudy,17,0
919,metal,2025-06-16 03:58:31,cloudy,17,0
920,glass,2025-06-16 13:33:24,cloudy,17,0
921,glass,2025-06-16 01:01:52,cloudy,17,0
922,glass,2025-06-16 13:37:16,cloudy,17,0
923,metal,2025-06-16 18:13:46,cloudy,17,0
924,metal,2025-06-16 04:49:07,cloudy,17,0
925,plastic,2025-06-17 06:00:59,rainy,25,0
926,glass,2025-06-17 17:08:03,rainy,25,0
927,glass,2025-06-17 23:26:13,rainy,25,0
928,glass,2025-06-17 00:48:18,rainy,25,0
929,glass,2025-06-17 01:37:20,rainy,25,0
930,metal,2025-06-17 23:08:49,rainy,25,0
931,metal,2025-06-17 00:11:50,rainy,25,0
932,glass,2025-06-18 04:26:29,sunny,16,0
933,glass,2025-06-18 06:50:42,sunny,16,0
934,metal,2025-06-18 22:27:05,sunny,16,0
935,metal,2025-06-18 15:30:21,sunny,16,0
936,paper,2025-06-18 11:02:11,sunny,16,0
937,metal,2025-06-18 13:35:07,sunny,16,0
938,metal,2025-06-18 14:12:05,sunny,16,0
939,metal,2025-06-18 23:07:08,sunny,16,0
940,plastic,2025-06-19 21:46:44,misty,18,0
941,glass,2025-06-19 04:20:44,misty,18,0
942,glass,2025-06-19 01:30:06,misty,18,0
943,plastic,2025-06-19 21:05:09,misty,18,0
944,organic,2025-06-19 14:56:39,misty,18,0
945,paper,2025-06-19 00:45:40,misty,18,0
946,metal,2025-06-19 11:07:38,misty,18,0
947,organic,2025-06-20 13:06:44,cloudy,17,0
948,glass,2025-06-20 12:52:21,cloudy,17,0
949,metal,2025-06-20 05:07:04,cloudy,17,0
950,metal,2025-06-20 05:13:38,cloudy,17,0
951,glass,2025-06-20 22:33:53,cloudy,17,0
952,metal,2025-06-20 08:00:01,cloudy,17,0
953,plastic,2025-06-20 09:35:53,cloudy,17,0
954,metal,2025-06-21 01:46:54,cloudy,16,0
955,glass,2025-06-21 19:23:03,cloudy,16,0
956,glass,2025-06-21 17:49:53,cloudy,16,0
957,glass,2025-06-21 03:21:41,cloudy,16,0
958,glass,2025-06-22 22:31:36,sunny,14,0
959,metal,2025-06-22 05:35:22,sunny,14,0
960,metal,2025-06-22 02:18:30,sunny,14,0
961,metal,2025-06-22 10:02:48,sunny,14,0
962,metal,2025-06-23 09:54:42,cloudy,19,0
963,metal,2025-06-23 09:03:33,cloudy,19,0
964,metal,2025-06-23 23:25:42,cloudy,19,0
965,metal,2025-06-23 15:26:58,cloudy,19,0
966,glass,2025-06-23 20:32:41,cloudy,19,0
967,metal,2025-06-23 05:18:46,cloudy,19,0
968,paper,2025-06-23 08:51:14,cloudy,19,0
969,plastic,2025-06-24 19:16:58,cloudy,21,0
970,plastic,2025-06-24 23:12:06,cloudy,21,0
971,glass,2025-06-24 09:27:39,cloudy,21,0
972,metal,2025-06-24 02:50:40,cloudy,21,0
973,paper,2025-06-24 04:07:38,cloudy,21,0
974,metal,2025-06-24 15:41:15,cloudy,21,0
975,metal,2025-06-24 01:24:27,cloudy,21,0
976,glass,2025-06-24 17:48:08,cloudy,21,0
977,paper,2025-06-25 04:56:21,cloudy,20,0
978,glass,2025-06-25 16:59:25,cloudy,20,0
979,paper,2025-06-25 09:40:16,cloudy,20,0
980,metal,2025-06-25 00:03:58,cloudy,20,0
981,glass,2025-06-25 23:50:58,cloudy,20,0
982,metal,2025-06-25 15:02:37,cloudy,20,0
983,glass,2025-06-25 23:49:18,cloudy,20,0
984,metal,2025-06-25 02:32:53,cloudy,20,0
985,glass,2025-06-26 11:49:32,cloudy,21,0
986,metal,2025-06-26 04:56:53,cloudy,21,0
987,glass,2025-06-26 13:07:02,cloudy,21,0
988,metal,2025-06-26 19:42:05,cloudy,21,0
989,paper,2025-06-26 11:34:51,cloudy,21,0
990,metal,2025-06-26 01:19:56,cloudy,21,0
991,metal,2025-06-26 17:25:31,cloudy,21,0
992,glass,2025-06-26 14:49:39,cloudy,21,0
993,glass,2025-06-27 04:29:43,sunny,13,0
994,organic,2025-06-27 04:30:17,sunny,13,0
995,glass,2025-06-27 06:11:13,sunny,13,0
996,metal,2025-06-27 23:43:35,sunny,13,0
997,metal,2025-06-27 15:02:38,sunny,13,0
998,organic,2025-06-27 05:44:07,sunny,13,0
999,metal,2025-06-27 14:45:15,sunny,13,0
1000,glass,2025-06-27 16:21:37,sunny,13,0
1001,metal,2025-06-28 10:24:28,sunny,18,0
1002,metal,2025-06-28 11:24:05,sunny,18,0
1003,metal,2025-06-28 22:16:42,sunny,18,0
1004,metal,2025-06-28 01:29:28,sunny,18,0
1005,organic,2025-06-29 15:46:28,sunny,16,0
1006,plastic,2025-06-29 06:44:00,sunny,16,0
1007,plastic,2025-06-29 00:03:08,sunny,16,0
1008,metal,2025-06-29 06:06:30,sunny,16,0
1009,plastic,2025-06-30 11:14:58,sunny,15,0
1010,metal,2025-06-30 08:08:17,sunny,15,0
1011,glass,2025-06-30 21:00:30,sunny,15,0
1012,glass,2025-06-30 13:06:37,sunny,15,0
1013,paper,2025-06-30 11:29:19,sunny,15,0
1014,paper,2025-06-30 17:50:00,sunny,15,0
1015,glass,2025-06-30 06:22:13,sunny,15,0
1016,metal,2025-06-30 07:40:41,sunny,15,0
1017,glass,2025-07-01 19:25:00,sunny,18,0
1018,plastic,2025-07-01 06:41:32,sunny,18,0
1019,metal,2025-07-01 13:57:57,sunny,18,0
1020,organic,2025-07-01 12:54:20,sunny,18,0
1021,metal,2025-07-01 10:27:31,sunny,18,0
1022,glass,2025-07-01 13:51:18,sunny,18,0
1023,glass,2025-07-01 08:25:04,sunny,18,0
1024,metal,2025-07-01 09:59:20,sunny,18,0
1025,metal,2025-07-02 22:57:05,rainy,22,0
1026,glass,2025-07-02 20:00:47,rainy,22,0
1027,metal,2025-07-02 03:20:39,rainy,22,0
1028,glass,2025-07-02 18:30:54,rainy,22,0
1029,plastic,2025-07-02 00:12:35,rainy,22,0
1030,glass,2025-07-02 21:34:14,rainy,22,0
1031,metal,2025-07-02 14:04:42,rainy,22,0
1032,metal,2025-07-03 15:23:27,misty,19,0
1033,metal,2025-07-03 08:22:19,misty,19,0
1034,paper,2025-07-03 21:39:22,misty,19,0
1035,metal,2025-07-03 03:40:06,misty,19,0
1036,plastic,2025-07-03 14:05:46,misty,19,0
1037,metal,2025-07-03 20:43:25,misty,19,0
1038,metal,2025-07-03 20:58:45,misty,19,0
1039,glass,2025-07-04 05:27:16,sunny,21,0
1040,metal,2025-07-04 19:27:28,sunny,21,0
1041,metal,2025-07-04 17:17:28,sunny,21,0
1042,glass,2025-07-04 03:51:39,sunny,21,0
1043,paper,2025-07-04 23:49:59,sunny,21,0
1044,paper,2025-07-04 11:04:15,sunny,21,0
1045,glass,2025-07-04 20:06:36,sunny,21,0
1046,metal,2025-07-04 11:38:50,sunny,21,0
1047,plastic,2025-07-04 20:23:36,sunny,21,0
1048,glass,2025-07-05 23:19:06,sunny,21,0
1049,glass,2025-07-05 01:38:12,sunny,21,0
1050,plastic,2025-07-05 11:23:19,sunny,21,0
1051,metal,2025-07-05 23:00:10,sunny,21,0
1052,metal,2025-07-05 06:52:28,sunny,21,0
1053,metal,2025-07-06 00:21:47,cloudy,22,0
1054,plastic,2025-07-06 08:56:41,cloudy,22,0
1055,metal,2025-07-06 14:32:07,cloudy,22,0
1056,glass,2025-07-06 12:08:22,cloudy,22,0
1057,metal,2025-07-07 21:49:50,misty,22,0
1058,metal,2025-07-07 12:39:32,misty,22,0
1059,glass,2025-07-07 22:52:36,misty,22,0
1060,metal,2025-07-07 14:46:52,misty,22,0
1061,paper,2025-07-07 22:47:59,misty,22,0
1062,glass,2025-07-07 03:43:51,misty,22,0
1063,glass,2025-07-07 10:10:13,misty,22,0
1064,paper,2025-07-08 14:16:18,sunny,20,0
1065,glass,2025-07-08 12:01:55,sunny,20,0
1066,glass,2025-07-08 15:23:42,sunny,20,0
1067,glass,2025-07-08 06:09:05,sunny,20,0
1068,paper,2025-07-08 11:37:35,sunny,20,0
1069,metal,2025-07-08 18:43:13,sunny,20,0
1070,metal,2025-07-08 11:04:35,sunny,20,0
1071,metal,2025-07-08 10:03:53,sunny,20,0
1072,metal,2025-07-08 16:28:21,sunny,20,0
1073,metal,2025-07-09 10:49:40,sunny,25,0
1074,metal,2025-07-09 03:47:26,sunny,25,0
1075,glass,2025-07-09 17:41:22,sunny,25,0
1076,metal,2025-07-09 05:03:47,sunny,25,0
1077,metal,2025-07-09 05:01:05,sunny,25,0
1078,glass,2025-07-09 08:02:18,sunny,25,0
1079,glass,2025-07-09 19:43:40,sunny,25,0
1080,glass,2025-07-09 07:24:46,sunny,25,0
1081,plastic,2025-07-09 06:41:55,sunny,25,0
1082,metal,2025-07-10 21:25:38,rainy,24,0
1083,metal,2025-07-10 19:32:43,rainy,24,0
1084,plastic,2025-07-10 10:49:50,rainy,24,0
1085,metal,2025-07-10 03:27:18,rainy,24,0
1086,plastic,2025-07-10 10:01:03,rainy,24,0
1087,metal,2025-07-10 08:56:39,rainy,24,0
1088,metal,2025-07-10 20:03:58,rainy,24,0
1089,glass,2025-07-11 02:45:57,stormy,21,0
1090,glass,2025-07-11 06:00:30,stormy,21,0
1091,glass,2025-07-11 10:48:12,stormy,21,0
1092,paper,2025-07-11 22:01:25,stormy,21,0
1093,glass,2025-07-11 09:06:17,stormy,21,0
1094,glass,2025-07-11 00:36:10,stormy,21,0
1095,glass,2025-07-12 02:50:56,sunny,24,0
1096,plastic,2025-07-12 18:43:33,sunny,24,0
1097,organic,2025-07-12 20:29:55,sunny,24,0
1098,paper,2025-07-12 12:05:00,sunny,24,0
1099,metal,2025-07-12 08:11:50,sunny,24,0
1100,plastic,2025-07-13 08:21:10,rainy,15,0
1101,glass,2025-07-13 19:27:17,rainy,15,0
1102,paper,2025-07-14 04:26:02,cloudy,18,0
1103,organic,2025-07-14 20:49:06,cloudy,18,0
1104,paper,2025-07-14 16:38:52,cloudy,18,0
1105,plastic,2025-07-14 06:55:29,cloudy,18,0
1106,organic,2025-07-14 09:14:01,cloudy,18,0
1107,paper,2025-07-14 09:45:23,cloudy,18,0
1108,metal,2025-07-14 16:31:05,cloudy,18,0
1109,metal,2025-07-15 13:57:17,cloudy,19,0
1110,metal,2025-07-15 00:04:56,cloudy,19,0
1111,paper,2025-07-15 12:31:17,cloudy,19,0
1112,metal,2025-07-15 03:42:16,cloudy,19,0
1113,glass,2025-07-15 17:58:16,cloudy,19,0
1114,metal,2025-07-15 13:21:20,cloudy,19,0
1115,glass,2025-07-15 07:33:35,cloudy,19,0
1116,metal,2025-07-16 17:10:40,sunny,24,0
1117,paper,2025-07-16 20:21:54,sunny,24,0
1118,metal,2025-07-16 14:24:41,sunny,24,0
1119,metal,2025-07-16 23:44:40,sunny,24,0
1120,metal,2025-07-16 21:57:57,sunny,24,0
1121,glass,2025-07-16 14:34:22,sunny,24,0
1122,metal,2025-07-16 05:54:28,sunny,24,0
1123,metal,2025-07-16 02:42:18,sunny,24,0
1124,metal,2025-07-16 22:21:52,sunny,24,0
1125,paper,2025-07-17 19:08:26,sunny,22,0
1126,metal,2025-07-17 11:34:43,sunny,22,0
1127,organic,2025-07-17 19:14:00,sunny,22,0
1128,glass,2025-07-17 11:27:18,sunny,22,0
1129,paper,2025-07-17 11:54:18,sunny,22,0
1130,organic,2025-07-17 05:19:00,sunny,22,0
1131,metal,2025-07-17 16:23:42,sunny,22,0
1132,glass,2025-07-17 16:06:16,sunny,22,0
1133,metal,2025-07-17 02:28:22,sunny,22,0
1134,metal,2025-07-18 07:54:38,sunny,17,0
1135,paper,2025-07-18 03:12:57,sunny,17,0
1136,metal,2025-07-18 00:07:33,sunny,17,0
1137,glass,2025-07-18 23:05:50,sunny,17,0
1138,glass,2025-07-18 20:21:06,sunny,17,0
1139,paper,2025-07-18 02:37:42,sunny,17,0
1140,plastic,2025-07-18 15:12:48,sunny,17,0
1141,metal,2025-07-18 01:41:46,sunny,17,0
1142,glass,2025-07-19 10:45:12,sunny,18,0
1143,plastic,2025-07-19 03:19:33,sunny,18,0
1144,glass,2025-07-19 08:25:09,sunny,18,0
1145,glass,2025-07-19 23:55:03,sunny,18,0
1146,glass,2025-07-20 01:55:54,sunny,23,0
1147,metal,2025-07-20 15:55:17,sunny,23,0
1148,glass,2025-07-20 22:02:32,sunny,23,0
1149,metal,2025-07-20 02:21:37,sunny,23,0
1150,glass,2025-07-20 10:58:15,sunny,23,0
1151,glass,2025-07-21 07:37:47,sunny,16,0
1152,paper,2025-07-21 09:05:19,sunny,16,0
1153,metal,2025-07-21 03:53:23,sunny,16,0
1154,plastic,2025-07-21 02:36:40,sunny,16,0
1155,glass,2025-07-21 22:49:36,sunny,16,0
1156,plastic,2025-07-21 11:02:37,sunny,16,0
1157,metal,2025-07-21 14:47:07,sunny,16,0
1158,glass,2025-07-21 22:42:57,sunny,16,0
1159,metal,2025-07-22 14:15:37,stormy,24,0
1160,glass,2025-07-22 17:30:38,stormy,24,0
1161,metal,2025-07-22 20:47:24,stormy,24,0
1162,metal,2025-07-22 08:41:18,stormy,24,0
1163,metal,2025-07-22 15:22:37,stormy,24,0
1164,plastic,2025-07-22 12:43:50,stormy,24,0
1165,glass,2025-07-23 17:22:15,sunny,23,0
1166,metal,2025-07-23 02:40:55,sunny,23,0
1167,glass,2025-07-23 10:12:05,sunny,23,0
1168,metal,2025-07-23 20:10:10,sunny,23,0
1169,metal,2025-07-23 20:26:29,sunny,23,0
1170,plastic,2025-07-23 00:39:37,sunny,23,0
1171,metal,2025-07-23 08:17:28,sunny,23,0
1172,paper,2025-07-23 04:12:09,sunny,23,0
1173,paper,2025-07-23 04:09:03,sunny,23,0
1174,glass,2025-07-24 18:57:36,cloudy,21,0
1175,glass,2025-07-24 02:57:39,cloudy,21,0
1176,metal,2025-07-24 17:43:42,cloudy,21,0
1177,glass,2025-07-24 00:45:49,cloudy,21,0
1178,glass,2025-07-24 00:13:05,cloudy,21,0
1179,plastic,2025-07-24 05:14:29,cloudy,21,0
1180,metal,2025-07-24 09:37:04,cloudy,21,0
1181,glass,2025-07-24 17:20:51,cloudy,21,0
1182,metal,2025-07-25 01:00:11,sunny,23,0
1183,metal,2025-07-25 07:34:10,sunny,23,0
1184,glass,2025-07-25 17:13:03,sunny,23,0
1185,metal,2025-07-25 23:23:54,sunny,23,0
1186,organic,2025-07-25 12:51:51,sunny,23,0
1187,paper,2025-07-25 13:42:36,sunny,23,0
1188,metal,2025-07-25 02:19:35,sunny,23,0
1189,metal,2025-07-25 17:28:15,sunny,23,0
1190,paper,2025-07-25 10:51:02,sunny,23,0
1191,metal,2025-07-26 02:38:17,misty,23,0
1192,metal,2025-07-26 17:44:29,misty,23,0
1193,metal,2025-07-26 05:42:38,misty,23,0
1194,metal,2025-07-26 01:11:54,misty,23,0
1195,metal,2025-07-27 14:04:33,sunny,15,0
1196,metal,2025-07-27 23:25:41,sunny,15,0
1197,plastic,2025-07-27 06:51:55,sunny,15,0
1198,glass,2025-07-27 03:51:54,sunny,15,0
1199,glass,2025-07-28 05:01:57,sunny,15,0
1200,plastic,2025-07-28 23:51:08,sunny,15,0
1201,glass,2025-07-28 03:14:05,sunny,15,0
1202,plastic,2025-07-28 01:59:25,sunny,15,0
1203,metal,2025-07-28 22:43:49,sunny,15,0
1204,glass,2025-07-28 10:50:37,sunny,15,0
1205,metal,2025-07-28 23:18:45,sunny,15,0
1206,glass,2025-07-28 05:51:49,sunny,15,0
1207,paper,2025-07-29 19:20:30,cloudy,22,0
1208,metal,2025-07-29 17:13:07,cloudy,22,0
1209,glass,2025-07-29 03:41:31,cloudy,22,0
1210,glass,2025-07-29 11:30:11,cloudy,22,0
1211,glass,2025-07-29 16:26:03,cloudy,22,0
1212,metal,2025-07-29 03:24:54,cloudy,22,0
1213,metal,2025-07-29 14:28:49,cloudy,22,0
1214,glass,2025-07-29 10:36:23,cloudy,22,0
1215,metal,2025-07-30 01:11:11,misty,20,0
1216,glass,2025-07-30 14:01:47,misty,20,0
1217,metal,2025-07-30 00:04:16,misty,20,0
1218,metal,2025-07-30 00:10:59,misty,20,0
1219,metal,2025-07-30 22:32:16,misty,20,0
1220,glass,2025-07-30 21:31:40,misty,20,0
1221,metal,2025-07-30 13:24:56,misty,20,0
1222,glass,2025-07-31 17:55:02,rainy,17,0
1223,plastic,2025-07-31 06:18:25,rainy,17,0
1224,plastic,2025-07-31 23:28:32,rainy,17,0
1225,glass,2025-07-31 22:02:28,rainy,17,0
1226,metal,2025-07-31 23:36:38,rainy,17,0
1227,metal,2025-07-31 00:27:47,rainy,17,0
1228,glass,2025-08-01 09:24:44,sunny,20,0
1229,glass,2025-08-01 02:43:53,sunny,20,0
1230,glass,2025-08-01 23:54:06,sunny,20,0
1231,metal,2025-08-01 07:54:54,sunny,20,0
1232,metal,2025-08-01 04:03:50,sunny,20,0
1233,metal,2025-08-01 17:56:42,sunny,20,0
1234,metal,2025-08-01 08:16:40,sunny,20,0
1235,metal,2025-08-01 11:24:01,sunny,20,0
1236,glass,2025-08-01 19:53:35,sunny,20,0
1237,metal,2025-08-02 23:54:38,sunny,18,0
1238,metal,2025-08-02 05:04:12,sunny,18,0
1239,metal,2025-08-02 16:13:20,sunny,18,0
1240,organic,2025-08-02 03:15:16,sunny,18,0
1241,glass,2025-08-03 10:05:48,cloudy,20,0
1242,glass,2025-08-03 15:49:46,cloudy,20,0
1243,paper,2025-08-03 18:04:31,cloudy,20,0
1244,metal,2025-08-03 05:55:38,cloudy,20,0
1245,metal,2025-08-04 02:40:49,cloudy,23,0
1246,metal,2025-08-04 16:12:10,cloudy,23,0
1247,metal,2025-08-04 16:34:12,cloudy,23,0
1248,plastic,2025-08-04 00:51:58,cloudy,23,0
1249,plastic,2025-08-04 15:53:26,cloudy,23,0
1250,glass,2025-08-04 16:37:36,cloudy,23,0
1251,glass,2025-08-04 14:48:42,cloudy,23,0
1252,metal,2025-08-04 20:19:38,cloudy,23,0
1253,glass,2025-08-05 14:02:08,cloudy,23,0
1254,paper,2025-08-05 20:16:33,cloudy,23,0
1255,glass,2025-08-05 15:36:36,cloudy,23,0
1256,metal,2025-08-05 04:22:41,cloudy,23,0
1257,metal,2025-08-05 16:05:29,cloudy,23,0
1258,glass,2025-08-05 01:27:48,cloudy,23,0
1259,metal,2025-08-05 00:45:46,cloudy,23,0
1260,metal,2025-08-05 10:00:14,cloudy,23,0
1261,glass,2025-08-06 15:36:24,sunny,24,0
1262,metal,2025-08-06 06:47:31,sunny,24,0
1263,metal,2025-08-06 09:24:57,sunny,24,0
1264,glass,2025-08-06 11:39:27,sunny,24,0
1265,metal,2025-08-06 01:02:39,sunny,24,0
1266,paper,2025-08-06 19:27:40,sunny,24,0
1267,glass,2025-08-06 17:41:42,sunny,24,0
1268,metal,2025-08-06 11:58:03,sunny,24,0
1269,metal,2025-08-06 16:36:21,sunny,24,0
1270,plastic,2025-08-07 18:49:43,sunny,21,0
1271,glass,2025-08-07 15:00:44,sunny,21,0
1272,glass,2025-08-07 20:27:05,sunny,21,0
1273,paper,2025-08-07 16:10:11,sunny,21,0
1274,metal,2025-08-07 02:19:37,sunny,21,0
1275,metal,2025-08-07 06:25:56,sunny,21,0
1276,metal,2025-08-07 22:14:52,sunny,21,0
1277,glass,2025-08-07 11:24:07,sunny,21,0
1278,glass,2025-08-07 20:13:49,sunny,21,0
1279,paper,2025-08-08 02:44:47,sunny,24,0
1280,plastic,2025-08-08 23:20:35,sunny,24,0
1281,metal,2025-08-08 02:51:16,sunny,24,0
1282,metal,2025-08-08 22:25:33,sunny,24,0
1283,metal,2025-08-08 09:04:41,sunny,24,0
1284,metal,2025-08-08 15:58:26,sunny,24,0
1285,paper,2025-08-08 08:49:55,sunny,24,0
1286,glass,2025-08-08 11:37:20,sunny,24,0
1287,glass,2025-08-08 03:01:44,sunny,24,0
1288,organic,2025-08-09 10:19:51,misty,25,0
1289,metal,2025-08-09 12:14:42,misty,25,0
1290,metal,2025-08-09 08:40:38,misty,25,0
1291,glass,2025-08-09 23:36:06,misty,25,0
1292,paper,2025-08-10 11:00:27,sunny,23,0
1293,metal,2025-08-10 23:58:41,sunny,23,0
1294,glass,2025-08-10 03:55:59,sunny,23,0
1295,glass,2025-08-10 07:19:25,sunny,23,0
1296,metal,2025-08-10 15:17:06,sunny,23,0
1297,metal,2025-08-11 03:43:10,rainy,27,0
1298,glass,2025-08-11 13:12:21,rainy,27,0
1299,organic,2025-08-11 08:43:24,rainy,27,0
1300,glass,2025-08-11 01:22:18,rainy,27,0
1301,metal,2025-08-11 05:21:04,rainy,27,0
1302,metal,2025-08-11 08:25:44,rainy,27,0
1303,plastic,2025-08-11 07:58:45,rainy,27,0
1304,metal,2025-08-12 19:50:50,cloudy,21,0
1305,metal,2025-08-12 03:47:52,cloudy,21,0
1306,plastic,2025-08-12 01:50:04,cloudy,21,0
1307,metal,2025-08-12 23:59:45,cloudy,21,0
1308,plastic,2025-08-12 00:43:35,cloudy,21,0
1309,metal,2025-08-12 18:20:42,cloudy,21,0
1310,metal,2025-08-12 05:04:00,cloudy,21,0
1311,organic,2025-08-12 06:10:04,cloudy,21,0
1312,metal,2025-08-13 02:01:44,cloudy,28,0
1313,metal,2025-08-13 16:22:01,cloudy,28,0
1314,glass,2025-08-13 19:58:09,cloudy,28,0
1315,glass,2025-08-13 17:27:33,cloudy,28,0
1316,glass,2025-08-13 10:01:28,cloudy,28,0
1317,metal,2025-08-13 20:11:50,cloudy,28,0
1318,metal,2025-08-13 07:19:38,cloudy,28,0
1319,plastic,2025-08-13 23:58:55,cloudy,28,0
1320,metal,2025-08-14 23:40:25,cloudy,22,0
1321,glass,2025-08-14 09:34:15,cloudy,22,0
1322,glass,2025-08-14 16:52:54,cloudy,22,0
1323,metal,2025-08-14 11:52:16,cloudy,22,0
1324,metal,2025-08-14 11:32:02,cloudy,22,0
1325,metal,2025-08-14 00:15:49,cloudy,22,0
1326,organic,2025-08-14 15:37:57,cloudy,22,0
1327,organic,2025-08-14 13:52:54,cloudy,22,0
1328,glass,2025-08-15 18:21:05,cloudy,19,0
1329,metal,2025-08-15 13:27:00,cloudy,19,0
1330,metal,2025-08-15 23:00:34,cloudy,19,0
1331,metal,2025-08-15 10:37:33,cloudy,19,0
1332,glass,2025-08-15 20:39:23,cloudy,19,0
1333,organic,2025-08-15 17:06:55,cloudy,19,0
1334,plastic,2025-08-15 12:53:35,cloudy,19,0
1335,glass,2025-08-16 21:36:39,sunny,20,0
1336,metal,2025-08-16 17:31:07,sunny,20,0
1337,metal,2025-08-16 22:24:48,sunny,20,0
1338,glass,2025-08-16 16:32:18,sunny,20,0
1339,organic,2025-08-16 19:26:51,sunny,20,0
1340,metal,2025-08-17 06:55:44,sunny,23,0
1341,plastic,2025-08-17 07:19:39,sunny,23,0
1342,metal,2025-08-17 03:36:00,sunny,23,0
1343,glass,2025-08-17 21:54:57,sunny,23,0
1344,plastic,2025-08-17 17:42:35,sunny,23,0
1345,plastic,2025-08-18 23:06:18,sunny,21,0
1346,metal,2025-08-18 02:10:57,sunny,21,0
1347,metal,2025-08-18 10:43:25,sunny,21,0
1348,glass,2025-08-18 22:24:23,sunny,21,0
1349,glass,2025-08-18 06:51:30,sunny,21,0
1350,metal,2025-08-18 03:32:23,sunny,21,0
1351,metal,2025-08-18 01:39:01,sunny,21,0
1352,plastic,2025-08-18 19:51:01,sunny,21,0
1353,glass,2025-08-18 00:18:15,sunny,21,0
1354,metal,2025-08-19 14:56:59,cloudy,27,0
1355,plastic,2025-08-19 17:14:19,cloudy,27,0
1356,glass,2025-08-19 07:34:43,cloudy,27,0
1357,glass,2025-08-19 10:47:00,cloudy,27,0
1358,metal,2025-08-19 00:05:54,cloudy,27,0
1359,metal,2025-08-19 00:46:20,cloudy,27,0
1360,organic,2025-08-19 01:38:44,cloudy,27,0
1361,organic,2025-08-19 08:47:19,cloudy,27,0
1362,glass,2025-08-20 16:16:55,cloudy,24,0
1363,metal,2025-08-20 05:15:20,cloudy,24,0
1364,organic,2025-08-20 19:56:51,cloudy,24,0
1365,plastic,2025-08-20 00:14:40,cloudy,24,0
1366,metal,2025-08-20 08:59:02,cloudy,24,0
1367,plastic,2025-08-20 01:18:49,cloudy,24,0
1368,paper,2025-08-20 16:20:18,cloudy,24,0
1369,glass,2025-08-20 23:22:58,cloudy,24,0
1370,glass,2025-08-21 00:03:27,misty,25,0
1371,metal,2025-08-21 07:03:26,misty,25,0
1372,metal,2025-08-21 14:54:30,misty,25,0
1373,paper,2025-08-21 19:17:03,misty,25,0
1374,glass,2025-08-21 21:40:50,misty,25,0
1375,metal,2025-08-21 21:41:54,misty,25,0
1376,glass,2025-08-21 17:22:49,misty,25,0
1377,metal,2025-08-22 13:01:07,sunny,23,0
1378,paper,2025-08-22 16:58:15,sunny,23,0
1379,glass,2025-08-22 13:24:12,sunny,23,0
1380,plastic,2025-08-22 07:12:51,sunny,23,0
1381,plastic,2025-08-22 03:45:53,sunny,23,0
1382,glass,2025-08-22 11:07:19,sunny,23,0
1383,metal,2025-08-22 02:48:25,sunny,23,0
1384,metal,2025-08-22 03:49:17,sunny,23,0
1385,metal,2025-08-22 15:52:57,sunny,23,0
1386,paper,2025-08-23 00:39:15,cloudy,26,0
1387,metal,2025-08-23 04:41:32,cloudy,26,0
1388,metal,2025-08-23 22:16:59,cloudy,26,0
1389,glass,2025-08-23 13:21:23,cloudy,26,0
1390,plastic,2025-08-24 07:41:52,sunny,20,0
1391,glass,2025-08-24 03:51:04,sunny,20,0
1392,paper,2025-08-24 06:25:38,sunny,20,0
1393,metal,2025-08-24 10:57:18,sunny,20,0
1394,glass,2025-08-24 05:40:22,sunny,20,0
1395,metal,2025-08-25 20:25:19,rainy,26,0
1396,metal,2025-08-25 06:55:34,rainy,26,0
1397,glass,2025-08-25 03:34:47,rainy,26,0
1398,metal,2025-08-25 02:00:56,rainy,26,0
1399,metal,2025-08-25 02:11:35,rainy,26,0
1400,metal,2025-08-25 11:50:15,rainy,26,0
1401,paper,2025-08-25 00:53:44,rainy,26,0
1402,metal,2025-08-26 12:22:15,sunny,18,0
1403,paper,2025-08-26 00:03:53,sunny,18,0
1404,metal,2025-08-26 12:52:35,sunny,18,0
1405,glass,2025-08-26 02:29:49,sunny,18,0
1406,organic,2025-08-26 01:18:32,sunny,18,0
1407,metal,2025-08-26 20:32:11,sunny,18,0
1408,glass,2025-08-26 08:01:53,sunny,18,0
1409,paper,2025-08-26 09:12:04,sunny,18,0
1410,paper,2025-08-27 17:03:57,stormy,25,0
1411,metal,2025-08-27 06:14:47,stormy,25,0
1412,plastic,2025-08-27 18:07:39,stormy,25,0
1413,metal,2025-08-27 19:16:39,stormy,25,0
1414,plastic,2025-08-27 04:38:36,stormy,25,0
1415,glass,2025-08-27 14:36:45,stormy,25,0
1416,glass,2025-08-28 13:49:09,rainy,26,0
1417,metal,2025-08-28 19:41:48,rainy,26,0
1418,organic,2025-08-28 23:17:53,rainy,26,0
1419,metal,2025-08-28 22:30:11,rainy,26,0
1420,organic,2025-08-28 12:22:26,rainy,26,0
1421,glass,2025-08-28 17:10:51,rainy,26,0
1422,glass,2025-08-28 19:14:17,rainy,26,0
1423,metal,2025-08-29 22:44:07,stormy,22,0
1424,metal,2025-08-29 00:12:35,stormy,22,0
1425,paper,2025-08-29 15:37:20,stormy,22,0
1426,metal,2025-08-29 10:49:26,stormy,22,0
1427,metal,2025-08-29 09:16:53,stormy,22,0
1428,plastic,2025-08-29 02:30:13,stormy,22,0
1429,glass,2025-08-30 14:31:30,sunny,23,0
1430,organic,2025-08-30 07:24:55,sunny,23,0
1431,metal,2025-08-30 17:09:39,sunny,23,0
1432,organic,2025-08-30 20:32:23,sunny,23,0
1433,plastic,2025-08-30 14:39:25,sunny,23,0
1434,organic,2025-08-31 21:47:55,misty,15,0
1435,paper,2025-08-31 17:47:11,misty,15,0
1436,organic,2025-08-31 06:07:04,misty,15,0
1437,metal,2025-09-01 15:20:47,cloudy,17,0
1438,paper,2025-09-01 19:33:29,cloudy,17,0
1439,glass,2025-09-01 12:39:54,cloudy,17,0
1440,plastic,2025-09-01 02:21:45,cloudy,17,0
1441,plastic,2025-09-01 10:50:48,cloudy,17,0
1442,paper,2025-09-01 10:06:54,cloudy,17,0
1443,glass,2025-09-01 06:34:59,cloudy,17,0
1444,organic,2025-09-02 07:10:09,sunny,21,0
1445,glass,2025-09-02 22:52:30,sunny,21,0
1446,glass,2025-09-02 04:26:02,sunny,21,0
1447,glass,2025-09-02 03:29:27,sunny,21,0
1448,glass,2025-09-02 18:37:36,sunny,21,0
1449,glass,2025-09-02 12:58:26,sunny,21,0
1450,metal,2025-09-02 20:25:27,sunny,21,0
1451,plastic,2025-09-02 00:01:37,sunny,21,0
1452,metal,2025-09-02 07:10:22,sunny,21,0
1453,metal,2025-09-03 06:20:15,rainy,15,0
1454,glass,2025-09-03 11:22:18,rainy,15,0
1455,plastic,2025-09-03 20:28:46,rainy,15,0
1456,metal,2025-09-03 02:21:04,rainy,15,0
1457,metal,2025-09-03 20:00:03,rainy,15,0
1458,metal,2025-09-03 00:42:43,rainy,15,0
1459,metal,2025-09-04 21:26:00,rainy,18,0
1460,organic,2025-09-04 10:53:43,rainy,18,0
1461,glass,2025-09-04 10:51:08,rainy,18,0
1462,metal,2025-09-04 17:23:39,rainy,18,0
1463,plastic,2025-09-04 06:45:58,rainy,18,0
1464,organic,2025-09-04 05:59:55,rainy,18,0
1465,metal,2025-09-05 18:40:38,cloudy,23,0
1466,organic,2025-09-05 14:09:40,cloudy,23,0
1467,glass,2025-09-05 22:24:33,cloudy,23,0
1468,paper,2025-09-05 20:37:51,cloudy,23,0
1469,glass,2025-09-05 03:03:57,cloudy,23,0
1470,metal,2025-09-05 05:43:00,cloudy,23,0
1471,metal,2025-09-05 00:30:00,cloudy,23,0
1472,plastic,2025-09-05 17:02:47,cloudy,23,0
1473,metal,2025-09-06 05:18:46,cloudy,20,0
1474,glass,2025-09-06 01:00:28,cloudy,20,0
1475,plastic,2025-09-06 09:36:22,cloudy,20,0
1476,glass,2025-09-06 01:01:32,cloudy,20,0
1477,glass,2025-09-07 05:16:42,sunny,21,0
1478,glass,2025-09-07 18:47:27,sunny,21,0
1479,metal,2025-09-07 10:13:21,sunny,21,0
1480,plastic,2025-09-07 23:17:55,sunny,21,0
1481,glass,2025-09-07 23:20:51,sunny,21,0
1482,plastic,2025-09-08 03:55:07,cloudy,20,0
1483,metal,2025-09-08 05:37:15,cloudy,20,0
1484,glass,2025-09-08 05:15:25,cloudy,20,0
1485,metal,2025-09-08 08:55:24,cloudy,20,0
1486,glass,2025-09-08 23:29:39,cloudy,20,0
1487,glass,2025-09-08 18:04:03,cloudy,20,0
1488,organic,2025-09-08 02:19:40,cloudy,20,0
1489,paper,2025-09-08 04:34:26,cloudy,20,0
1490,metal,2025-09-09 23:32:57,rainy,23,0
1491,paper,2025-09-09 23:06:08,rainy,23,0
1492,metal,2025-09-09 17:41:12,rainy,23,0
1493,paper,2025-09-09 15:03:08,rainy,23,0
1494,paper,2025-09-09 00:05:19,rainy,23,0
1495,paper,2025-09-09 04:25:24,rainy,23,0
1496,metal,2025-09-09 00:13:03,rainy,23,0
1497,metal,2025-09-10 09:06:34,cloudy,19,0
1498,glass,2025-09-10 08:56:21,cloudy,19,0
1499,glass,2025-09-10 20:12:42,cloudy,19,0
1500,metal,2025-09-10 17:21:49,cloudy,19,0
1501,organic,2025-09-10 23:45:59,cloudy,19,0
1502,metal,2025-09-10 13:43:50,cloudy,19,0
1503,metal,2025-09-10 06:01:43,cloudy,19,0
1504,paper,2025-09-11 20:07:49,rainy,16,0
1505,metal,2025-09-11 22:19:13,rainy,16,0
1506,paper,2025-09-11 05:02:57,rainy,16,0
1507,organic,2025-09-11 02:18:50,rainy,16,0
1508,paper,2025-09-11 10:53:38,rainy,16,0
1509,plastic,2025-09-11 02:17:49,rainy,16,0
1510,paper,2025-09-12 09:18:05,rainy,19,0
1511,glass,2025-09-12 14:41:57,rainy,19,0
1512,glass,2025-09-12 18:33:56,rainy,19,0
1513,metal,2025-09-12 18:27:28,rainy,19,0
1514,glass,2025-09-12 21:55:36,rainy,19,0
1515,glass,2025-09-12 20:48:15,rainy,19,0
1516,glass,2025-09-13 15:51:09,stormy,15,0
1517,metal,2025-09-13 13:55:13,stormy,15,0
1518,metal,2025-09-14 09:40:26,misty,23,0
1519,glass,2025-09-14 00:00:58,misty,23,0
1520,plastic,2025-09-14 10:24:24,misty,23,0
1521,metal,2025-09-14 01:38:31,misty,23,0
1522,metal,2025-09-15 21:23:12,stormy,23,0
1523,plastic,2025-09-15 13:24:20,stormy,23,0
1524,metal,2025-09-15 03:41:00,stormy,23,0
1525,metal,2025-09-15 11:13:30,stormy,23,0
1526,glass,2025-09-15 22:27:12,stormy,23,0
1527,glass,2025-09-15 17:03:08,stormy,23,0
1528,glass,2025-09-16 09:14:25,cloudy,11,0
1529,glass,2025-09-16 13:29:07,cloudy,11,0
1530,metal,2025-09-16 06:46:10,cloudy,11,0
1531,metal,2025-09-16 11:45:46,cloudy,11,0
1532,glass,2025-09-16 11:40:32,cloudy,11,0
1533,plastic,2025-09-16 20:09:04,cloudy,11,0
1534,glass,2025-09-16 12:19:39,cloudy,11,0
1535,metal,2025-09-17 09:59:46,cloudy,19,0
1536,metal,2025-09-17 16:33:35,cloudy,19,0
1537,metal,2025-09-17 13:54:43,cloudy,19,0
1538,plastic,2025-09-17 02:54:22,cloudy,19,0
1539,glass,2025-09-17 20:55:02,cloudy,19,0
1540,metal,2025-09-17 05:03:20,cloudy,19,0
1541,metal,2025-09-17 00:12:31,cloudy,19,0
1542,metal,2025-09-18 04:47:30,cloudy,21,0
1543,metal,2025-09-18 21:14:57,cloudy,21,0
1544,metal,2025-09-18 15:47:59,cloudy,21,0
1545,metal,2025-09-18 04:10:32,cloudy,21,0
1546,metal,2025-09-18 11:18:06,cloudy,21,0
1547,organic,2025-09-18 21:50:48,cloudy,21,0
1548,metal,2025-09-18 23:54:11,cloudy,21,0
1549,metal,2025-09-18 21:04:06,cloudy,21,0
1550,metal,2025-09-19 21:56:50,cloudy,20,0
1551,glass,2025-09-19 02:14:26,cloudy,20,0
1552,plastic,2025-09-19 17:14:43,cloudy,20,0
1553,glass,2025-09-19 21:57:34,cloudy,20,0
1554,plastic,2025-09-19 06:41:34,cloudy,20,0
1555,metal,2025-09-19 05:34:32,cloudy,20,0
1556,paper,2025-09-19 01:58:54,cloudy,20,0
1557,metal,2025-09-19 17:11:14,cloudy,20,0
1558,metal,2025-09-20 21:46:35,cloudy,19,0
1559,paper,2025-09-20 10:03:50,cloudy,19,0
1560,glass,2025-09-20 03:30:28,cloudy,19,0
1561,plastic,2025-09-20 00:23:49,cloudy,19,0
1562,metal,2025-09-21 10:03:18,cloudy,20,0
1563,glass,2025-09-21 00:10:45,cloudy,20,0
1564,plastic,2025-09-21 10:12:05,cloudy,20,0
1565,paper,2025-09-21 10:21:46,cloudy,20,0
1566,organic,2025-09-22 18:19:15,stormy,19,0
1567,plastic,2025-09-22 10:50:57,stormy,19,0
1568,plastic,2025-09-22 10:54:25,stormy,19,0
1569,paper,2025-09-22 19:11:28,stormy,19,0
1570,glass,2025-09-22 06:26:08,stormy,19,0
1571,metal,2025-09-23 18:22:57,sunny,18,0
1572,metal,2025-09-23 23:06:56,sunny,18,0
1573,metal,2025-09-23 08:32:32,sunny,18,0
1574,glass,2025-09-23 04:42:27,sunny,18,0
1575,plastic,2025-09-23 09:08:41,sunny,18,0
1576,glass,2025-09-23 03:39:34,sunny,18,0
1577,metal,2025-09-23 22:00:40,sunny,18,0
1578,plastic,2025-09-23 16:28:19,sunny,18,0
1579,paper,2025-09-24 12:36:28,cloudy,23,0
1580,metal,2025-09-24 11:52:26,cloudy,23,0
1581,glass,2025-09-24 21:32:33,cloudy,23,0
1582,glass,2025-09-24 02:44:21,cloudy,23,0
1583,metal,2025-09-24 00:57:17,cloudy,23,0
1584,plastic,2025-09-24 12:33:01,cloudy,23,0
1585,metal,2025-09-24 19:00:05,cloudy,23,0
1586,metal,2025-09-24 10:47:47,cloudy,23,0
1587,metal,2025-09-25 19:55:39,cloudy,23,0
1588,glass,2025-09-25 22:22:33,cloudy,23,0
1589,plastic,2025-09-25 19:15:52,cloudy,23,0
1590,metal,2025-09-25 17:45:14,cloudy,23,0
1591,metal,2025-09-25 06:59:55,cloudy,23,0
1592,metal,2025-09-25 13:52:00,cloudy,23,0
1593,plastic,2025-09-25 15:08:19,cloudy,23,0
1594,organic,2025-09-25 07:06:42,cloudy,23,0
1595,organic,2025-09-26 04:56:48,cloudy,20,0
1596,glass,2025-09-26 04:25:55,cloudy,20,0
1597,metal,2025-09-26 15:07:07,cloudy,20,0
1598,metal,2025-09-26 18:02:48,cloudy,20,0
1599,organic,2025-09-26 05:49:52,cloudy,20,0
1600,metal,2025-09-26 11:40:50,cloudy,20,0
1601,paper,2025-09-26 20:45:38,cloudy,20,0
1602,metal,2025-09-26 22:50:39,cloudy,20,0
1603,metal,2025-09-27 15:05:08,cloudy,19,0
1604,metal,2025-09-27 10:47:09,cloudy,19,0
1605,metal,2025-09-27 11:35:37,cloudy,19,0
1606,metal,2025-09-27 08:11:35,cloudy,19,0
1607,plastic,2025-09-28 19:29:14,sunny,18,0
1608,paper,2025-09-28 23:01:07,sunny,18,0
1609,metal,2025-09-28 19:31:12,sunny,18,0
1610,glass,2025-09-28 11:56:23,sunny,18,0
1611,plastic,2025-09-29 19:01:01,rainy,21,0
1612,plastic,2025-09-29 11:19:52,rainy,21,0
1613,paper,2025-09-29 19:38:43,rainy,21,0
1614,paper,2025-09-29 04:46:20,rainy,21,0
1615,glass,2025-09-29 01:14:48,rainy,21,0
1616,metal,2025-09-29 15:19:32,rainy,21,0
1617,metal,2025-09-29 10:16:09,rainy,21,0
1618,metal,2025-09-30 13:21:51,sunny,22,0
1619,metal,2025-09-30 07:38:59,sunny,22,0
1620,metal,2025-09-30 05:26:34,sunny,22,0
1621,plastic,2025-09-30 18:09:41,sunny,22,0
1622,glass,2025-09-30 21:32:59,sunny,22,0
1623,metal,2025-09-30 18:49:53,sunny,22,0
1624,metal,2025-09-30 21:14:24,sunny,22,0
1625,metal,2025-09-30 23:40:27,sunny,22,0
1626,plastic,2025-09-30 08:09:16,sunny,22,0
1627,glass,2025-10-01 14:40:44,sunny,15,0
1628,plastic,2025-10-01 10:19:49,sunny,15,0
1629,metal,2025-10-01 07:36:35,sunny,15,0
1630,plastic,2025-10-01 11:53:00,sunny,15,0
1631,glass,2025-10-01 05:38:45,sunny,15,0
1632,glass,2025-10-01 22:01:41,sunny,15,0
1633,plastic,2025-10-01 06:28:49,sunny,15,0
1634,metal,2025-10-01 17:44:15,sunny,15,0
1635,paper,2025-10-02 01:01:37,sunny,11,0
1636,metal,2025-10-02 07:13:01,sunny,11,0
1637,glass,2025-10-02 05:22:07,sunny,11,0
1638,plastic,2025-10-02 17:48:48,sunny,11,0
1639,paper,2025-10-02 21:31:16,sunny,11,0
1640,metal,2025-10-02 07:10:51,sunny,11,0
1641,glass,2025-10-02 02:00:46,sunny,11,0
1642,metal,2025-10-02 17:17:11,sunny,11,0
1643,paper,2025-10-03 09:48:00,rainy,15,0
1644,metal,2025-10-03 10:10:20,rainy,15,0
1645,metal,2025-10-03 01:33:37,rainy,15,0
1646,metal,2025-10-03 08:47:58,rainy,15,0
1647,metal,2025-10-03 05:58:54,rainy,15,0
1648,plastic,2025-10-03 08:22:22,rainy,15,0
1649,metal,2025-10-04 22:11:35,cloudy,11,0
1650,metal,2025-10-04 14:35:19,cloudy,11,0
1651,glass,2025-10-04 13:43:21,cloudy,11,0
1652,metal,2025-10-04 13:46:26,cloudy,11,0
1653,metal,2025-10-05 22:02:06,cloudy,13,0
1654,glass,2025-10-05 13:13:25,cloudy,13,0
1655,metal,2025-10-05 11:46:37,cloudy,13,0
1656,plastic,2025-10-05 04:18:23,cloudy,13,0
1657,paper,2025-10-06 01:29:30,rainy,18,0
1658,glass,2025-10-06 04:18:06,rainy,18,0
1659,paper,2025-10-06 18:20:28,rainy,18,0
1660,glass,2025-10-06 03:11:03,rainy,18,0
1661,metal,2025-10-06 06:50:23,rainy,18,0
1662,glass,2025-10-06 06:40:19,rainy,18,0
1663,metal,2025-10-07 23:25:36,rainy,18,0
1664,glass,2025-10-07 23:21:13,rainy,18,0
1665,glass,2025-10-07 22:25:18,rainy,18,0
1666,glass,2025-10-07 03:25:24,rainy,18,0
1667,glass,2025-10-07 02:45:41,rainy,18,0
1668,organic,2025-10-07 13:30:11,rainy,18,0
1669,organic,2025-10-08 08:33:22,sunny,15,0
1670,organic,2025-10-08 04:08:20,sunny,15,0
1671,metal,2025-10-08 20:08:16,sunny,15,0
1672,glass,2025-10-08 05:37:47,sunny,15,0
1673,metal,2025-10-08 22:34:12,sunny,15,0
1674,glass,2025-10-08 19:50:19,sunny,15,0
1675,metal,2025-10-08 20:59:27,sunny,15,0
1676,metal,2025-10-08 13:58:10,sunny,15,0
1677,glass,2025-10-09 22:37:18,rainy,12,0
1678,plastic,2025-10-09 09:39:51,rainy,12,0
1679,metal,2025-10-09 02:55:45,rainy,12,0
1680,organic,2025-10-09 08:10:48,rainy,12,0
1681,glass,2025-10-09 04:03:28,rainy,12,0
1682,metal,2025-10-09 13:56:09,rainy,12,0
1683,metal,2025-10-10 05:24:03,rainy,11,0
1684,metal,2025-10-10 07:21:24,rainy,11,0
1685,glass,2025-10-10 23:37:53,rainy,11,0
1686,glass,2025-10-10 10:36:36,rainy,11,0
1687,metal,2025-10-10 20:35:07,rainy,11,0
1688,glass,2025-10-10 18:20:19,rainy,11,0
1689,paper,2025-10-11 05:47:05,sunny,14,0
1690,metal,2025-10-11 20:49:03,sunny,14,0
1691,glass,2025-10-11 20:51:01,sunny,14,0
1692,plastic,2025-10-11 16:52:09,sunny,14,0
1693,plastic,2025-10-12 01:09:22,sunny,15,0
1694,metal,2025-10-12 20:47:29,sunny,15,0
1695,glass,2025-10-12 22:48:50,sunny,15,0
1696,plastic,2025-10-12 08:37:51,sunny,15,0
1697,metal,2025-10-13 08:51:03,sunny,12,0
1698,glass,2025-10-13 22:53:17,sunny,12,0
1699,metal,2025-10-13 05:38:23,sunny,12,0
1700,plastic,2025-10-13 09:11:14,sunny,12,0
1701,metal,2025-10-13 10:32:40,sunny,12,0
1702,metal,2025-10-13 22:25:43,sunny,12,0
1703,plastic,2025-10-13 16:27:55,sunny,12,0
1704,metal,2025-10-13 07:53:24,sunny,12,0
1705,metal,2025-10-14 17:43:28,rainy,12,0
1706,paper,2025-10-14 15:27:53,rainy,12,0
1707,glass,2025-10-14 21:30:45,rainy,12,0
1708,metal,2025-10-14 21:16:49,rainy,12,0
1709,plastic,2025-10-14 22:33:55,rainy,12,0
1710,plastic,2025-10-14 09:58:06,rainy,12,0
1711,metal,2025-10-15 23:40:59,rainy,12,0
1712,metal,2025-10-15 08:13:40,rainy,12,0
1713,metal,2025-10-15 13:20:37,rainy,12,0
1714,plastic,2025-10-15 02:08:39,rainy,12,0
1715,metal,2025-10-15 05:46:25,rainy,12,0
1716,paper,2025-10-15 03:19:01,rainy,12,0
1717,plastic,2025-10-16 06:33:27,rainy,18,0
1718,glass,2025-10-16 15:50:40,rainy,18,0
1719,plastic,2025-10-16 04:44:03,rainy,18,0
1720,glass,2025-10-16 21:15:19,rainy,18,0
1721,plastic,2025-10-16 22:17:13,rainy,18,0
1722,paper,2025-10-16 00:45:19,rainy,18,0
1723,metal,2025-10-17 18:49:09,rainy,10,0
1724,paper,2025-10-17 04:40:39,rainy,10,0
1725,glass,2025-10-17 07:02:09,rainy,10,0
1726,paper,2025-10-17 04:44:15,rainy,10,0
1727,paper,2025-10-17 21:18:21,rainy,10,0
1728,glass,2025-10-17 23:50:30,rainy,10,0
1729,glass,2025-10-18 01:56:01,cloudy,13,0
1730,metal,2025-10-18 02:16:34,cloudy,13,0
1731,metal,2025-10-18 06:20:14,cloudy,13,0
1732,glass,2025-10-18 07:47:44,cloudy,13,0
1733,metal,2025-10-19 09:29:20,misty,16,0
1734,glass,2025-10-19 22:27:44,misty,16,0
1735,plastic,2025-10-19 03:55:18,misty,16,0
1736,metal,2025-10-20 19:31:18,sunny,16,0
1737,glass,2025-10-20 14:05:11,sunny,16,0
1738,glass,2025-10-20 06:25:23,sunny,16,0
1739,glass,2025-10-20 08:23:48,sunny,16,0
1740,glass,2025-10-20 10:24:31,sunny,16,0
1741,metal,2025-10-20 13:45:41,sunny,16,0
1742,paper,2025-10-20 19:31:22,sunny,16,0
1743,metal,2025-10-20 11:09:06,sunny,16,0
1744,plastic,2025-10-21 00:10:34,sunny,18,0
1745,paper,2025-10-21 10:42:50,sunny,18,0
1746,metal,2025-10-21 05:57:33,sunny,18,0
1747,glass,2025-10-21 02:28:23,sunny,18,0
1748,plastic,2025-10-21 12:44:38,sunny,18,0
1749,glass,2025-10-21 23:46:53,sunny,18,0
1750,paper,2025-10-21 12:05:40,sunny,18,0
1751,metal,2025-10-21 05:26:07,sunny,18,0
1752,metal,2025-10-22 06:41:09,sunny,14,0
1753,metal,2025-10-22 19:27:19,sunny,14,0
1754,metal,2025-10-22 12:08:20,sunny,14,0
1755,metal,2025-10-22 17:37:38,sunny,14,0
1756,plastic,2025-10-22 01:09:27,sunny,14,0
1757,paper,2025-10-22 20:19:31,sunny,14,0
1758,glass,2025-10-22 22:08:16,sunny,14,0
1759,paper,2025-10-22 18:24:02,sunny,14,0
1760,metal,2025-10-23 08:21:48,rainy,16,0
1761,paper,2025-10-23 09:14:43,rainy,16,0
1762,glass,2025-10-23 00:35:15,rainy,16,0
1763,metal,2025-10-23 16:36:28,rainy,16,0
1764,plastic,2025-10-23 03:18:06,rainy,16,0
1765,metal,2025-10-23 18:55:39,rainy,16,0
1766,metal,2025-10-24 03:01:33,rainy,11,0
1767,plastic,2025-10-24 07:50:57,rainy,11,0
1768,metal,2025-10-24 00:41:05,rainy,11,0
1769,glass,2025-10-24 01:00:50,rainy,11,0
1770,glass,2025-10-24 18:48:21,rainy,11,0
1771,glass,2025-10-24 17:36:59,rainy,11,0
1772,glass,2025-10-25 21:30:18,rainy,17,0
1773,metal,2025-10-25 18:20:16,rainy,17,0
1774,plastic,2025-10-26 12:35:18,sunny,10,0
1775,plastic,2025-10-26 00:09:50,sunny,10,0
1776,metal,2025-10-26 06:42:42,sunny,10,0
1777,metal,2025-10-26 02:06:52,sunny,10,0
1778,glass,2025-10-27 22:49:27,cloudy,13,0
1779,glass,2025-10-27 04:12:55,cloudy,13,0
1780,glass,2025-10-27 11:55:28,cloudy,13,0
1781,glass,2025-10-27 18:13:53,cloudy,13,0
1782,metal,2025-10-27 16:56:38,cloudy,13,0
1783,plastic,2025-10-27 08:41:09,cloudy,13,0
1784,metal,2025-10-27 03:09:38,cloudy,13,0
1785,glass,2025-10-28 15:16:20,sunny,15,0
1786,glass,2025-10-28 09:21:54,sunny,15,0
1787,paper,2025-10-28 12:16:19,sunny,15,0
1788,metal,2025-10-28 06:03:23,sunny,15,0
1789,glass,2025-10-28 08:41:08,sunny,15,0
1790,metal,2025-10-28 12:33:09,sunny,15,0
1791,organic,2025-10-28 05:34:16,sunny,15,0
1792,plastic,2025-10-28 16:22:12,sunny,15,0
1793,metal,2025-10-29 21:39:19,sunny,11,0
1794,metal,2025-10-29 04:24:07,sunny,11,0
1795,plastic,2025-10-29 00:07:43,sunny,11,0
1796,glass,2025-10-29 06:41:52,sunny,11,0
1797,metal,2025-10-29 00:48:53,sunny,11,0
1798,glass,2025-10-29 21:49:07,sunny,11,0
1799,metal,2025-10-29 12:45:03,sunny,11,0
1800,glass,2025-10-29 16:47:09,sunny,11,0
1801,organic,2025-10-30 01:52:55,sunny,13,0
1802,metal,2025-10-30 02:12:22,sunny,13,0
1803,paper,2025-10-30 22:51:37,sunny,13,0
1804,metal,2025-10-30 21:54:59,sunny,13,0
1805,organic,2025-10-30 12:36:12,sunny,13,0
1806,plastic,2025-10-30 23:55:38,sunny,13,0
1807,organic,2025-10-30 05:27:05,sunny,13,0
1808,metal,2025-10-30 01:09:00,sunny,13,0
1809,glass,2025-10-31 10:55:57,sunny,15,0
1810,metal,2025-10-31 06:01:09,sunny,15,0
1811,paper,2025-10-31 10:58:51,sunny,15,0
1812,paper,2025-10-31 02:41:57,sunny,15,0
1813,plastic,2025-10-31 10:51:02,sunny,15,0
1814,metal,2025-10-31 23:35:00,sunny,15,0
1815,metal,2025-10-31 16:55:14,sunny,15,0
1816,glass,2025-10-31 00:44:55,sunny,15,0
1817,glass,2025-11-01 20:03:15,cloudy,12,0
1818,paper,2025-11-01 05:51:31,cloudy,12,0
1819,glass,2025-11-01 08:53:13,cloudy,12,0
1820,paper,2025-11-01 07:01:38,cloudy,12,0
1821,organic,2025-11-02 03:36:26,cloudy,6,0
1822,paper,2025-11-02 17:45:36,cloudy,6,0
1823,metal,2025-11-02 21:19:57,cloudy,6,0
1824,metal,2025-11-02 01:36:59,cloudy,6,0
1825,organic,2025-11-03 11:15:54,cloudy,12,0
1826,plastic,2025-11-03 03:11:21,cloudy,12,0
1827,metal,2025-11-03 08:12:16,cloudy,12,0
1828,organic,2025-11-03 12:12:32,cloudy,12,0
1829,glass,2025-11-03 21:25:44,cloudy,12,0
1830,metal,2025-11-03 16:41:39,cloudy,12,0
1831,glass,2025-11-03 13:35:39,cloudy,12,0
1832,glass,2025-11-04 01:41:58,stormy,7,0
1833,organic,2025-11-04 02:06:38,stormy,7,0
1834,plastic,2025-11-04 08:35:42,stormy,7,0
1835,metal,2025-11-04 03:52:18,stormy,7,0
1836,glass,2025-11-04 22:25:19,stormy,7,0
1837,glass,2025-11-05 03:20:42,cloudy,6,0
1838,metal,2025-11-05 12:47:57,cloudy,6,0
1839,glass,2025-11-05 10:42:56,cloudy,6,0
1840,paper,2025-11-05 19:29:29,cloudy,6,0
1841,metal,2025-11-05 01:28:13,cloudy,6,0
1842,metal,2025-11-05 11:39:28,cloudy,6,0
1843,glass,2025-11-05 00:53:07,cloudy,6,0
1844,glass,2025-11-06 11:21:29,stormy,6,0
1845,glass,2025-11-06 15:29:35,stormy,6,0
1846,metal,2025-11-06 09:25:34,stormy,6,0
1847,glass,2025-11-06 09:27:41,stormy,6,0
1848,metal,2025-11-06 18:37:10,stormy,6,0
1849,paper,2025-11-07 15:13:13,cloudy,2,0
1850,glass,2025-11-07 17:41:27,cloudy,2,0
1851,organic,2025-11-07 01:09:57,cloudy,2,0
1852,paper,2025-11-07 05:25:08,cloudy,2,0
1853,plastic,2025-11-07 18:53:36,cloudy,2,0
1854,metal,2025-11-07 23:08:37,cloudy,2,0
1855,metal,2025-11-07 15:27:24,cloudy,2,0
1856,metal,2025-11-08 21:06:23,cloudy,5,0
1857,glass,2025-11-08 04:21:24,cloudy,5,0
1858,organic,2025-11-08 14:16:20,cloudy,5,0
1859,glass,2025-11-09 03:32:31,sunny,12,0
1860,organic,2025-11-09 00:11:24,sunny,12,0
1861,paper,2025-11-09 08:57:49,sunny,12,0
1862,paper,2025-11-09 08:42:53,sunny,12,0
1863,metal,2025-11-10 05:19:56,cloudy,8,0
1864,glass,2025-11-10 09:07:24,cloudy,8,0
1865,metal,2025-11-10 05:56:08,cloudy,8,0
1866,glass,2025-11-10 20:42:32,cloudy,8,0
1867,plastic,2025-11-10 00:30:19,cloudy,8,0
1868,metal,2025-11-10 21:02:16,cloudy,8,0
1869,glass,2025-11-10 22:22:53,cloudy,8,0
1870,plastic,2025-11-11 18:40:44,rainy,3,1
1871,glass,2025-11-11 18:22:27,rainy,3,1
1872,glass,2025-11-11 17:26:39,rainy,3,1
1873,metal,2025-11-11 23:53:05,rainy,3,1
1874,metal,2025-11-11 23:06:07,rainy,3,1
1875,glass,2025-11-12 12:05:36,sunny,5,0
1876,metal,2025-11-12 09:47:01,sunny,5,0
1877,glass,2025-11-12 13:09:34,sunny,5,0
1878,glass,2025-11-12 08:13:34,sunny,5,0
1879,paper,2025-11-12 17:43:40,sunny,5,0
1880,plastic,2025-11-12 00:59:44,sunny,5,0
1881,glass,2025-11-12 13:44:52,sunny,5,0
1882,paper,2025-11-13 16:17:18,cloudy,2,0
1883,glass,2025-11-13 03:38:24,cloudy,2,0
1884,glass,2025-11-13 04:41:17,cloudy,2,0
1885,paper,2025-11-13 16:40:20,cloudy,2,0
1886,metal,2025-11-13 00:41:17,cloudy,2,0
1887,metal,2025-11-13 16:35:32,cloudy,2,0
1888,glass,2025-11-13 02:52:56,cloudy,2,0
1889,plastic,2025-11-14 16:00:05,cloudy,9,0
1890,glass,2025-11-14 12:36:16,cloudy,9,0
1891,metal,2025-11-14 21:31:19,cloudy,9,0
1892,metal,2025-11-14 03:55:37,cloudy,9,0
1893,plastic,2025-11-14 20:51:23,cloudy,9,0
1894,metal,2025-11-14 03:01:37,cloudy,9,0
1895,plastic,2025-11-14 02:38:14,cloudy,9,0
1896,glass,2025-11-15 21:29:16,cloudy,10,0
1897,glass,2025-11-15 01:26:57,cloudy,10,0
1898,glass,2025-11-15 21:35:17,cloudy,10,0
1899,metal,2025-11-15 05:49:49,cloudy,10,0
1900,metal,2025-11-16 11:54:33,rainy,7,0
1901,organic,2025-11-16 12:00:40,rainy,7,0
1902,glass,2025-11-17 11:19:40,cloudy,9,0
1903,glass,2025-11-17 13:05:15,cloudy,9,0
1904,glass,2025-11-17 07:21:18,cloudy,9,0
1905,glass,2025-11-17 11:00:46,cloudy,9,0
1906,paper,2025-11-17 19:49:47,cloudy,9,0
1907,glass,2025-11-17 09:00:49,cloudy,9,0
1908,metal,2025-11-17 00:27:17,cloudy,9,0
1909,plastic,2025-11-18 08:29:07,cloudy,11,0
1910,glass,2025-11-18 22:54:42,cloudy,11,0
1911,metal,2025-11-18 01:04:09,cloudy,11,0
1912,glass,2025-11-18 01:30:12,cloudy,11,0
1913,metal,2025-11-18 14:17:48,cloudy,11,0
1914,glass,2025-11-18 05:00:55,cloudy,11,0
1915,organic,2025-11-18 16:21:37,cloudy,11,0
1916,glass,2025-11-19 22:15:37,cloudy,8,0
1917,metal,2025-11-19 22:50:35,cloudy,8,0
1918,metal,2025-11-19 16:45:56,cloudy,8,0
1919,metal,2025-11-19 23:17:17,cloudy,8,0
1920,glass,2025-11-19 03:25:01,cloudy,8,0
1921,organic,2025-11-19 04:56:10,cloudy,8,0
1922,metal,2025-11-19 16:55:34,cloudy,8,0
1923,metal,2025-11-20 02:35:58,cloudy,3,0
1924,glass,2025-11-20 10:27:09,cloudy,3,0
1925,metal,2025-11-20 05:44:58,cloudy,3,0
1926,plastic,2025-11-20 20:04:01,cloudy,3,0
1927,metal,2025-11-20 13:31:10,cloudy,3,0
1928,plastic,2025-11-20 13:03:22,cloudy,3,0
1929,glass,2025-11-20 14:33:07,cloudy,3,0
1930,metal,2025-11-21 05:36:33,sunny,11,0
1931,metal,2025-11-21 12:33:39,sunny,11,0
1932,glass,2025-11-21 16:19:27,sunny,11,0
1933,metal,2025-11-21 10:51:06,sunny,11,0
1934,metal,2025-11-21 18:24:01,sunny,11,0
1935,glass,2025-11-21 21:58:58,sunny,11,0
1936,metal,2025-11-21 07:44:54,sunny,11,0
1937,organic,2025-11-21 09:37:10,sunny,11,0
1938,paper,2025-11-22 17:51:27,sunny,10,0
1939,glass,2025-11-22 18:20:06,sunny,10,0
1940,metal,2025-11-22 00:57:39,sunny,10,0
1941,plastic,2025-11-22 12:07:54,sunny,10,0
1942,metal,2025-11-23 01:11:56,rainy,8,0
1943,metal,2025-11-23 05:33:19,rainy,8,0
1944,glass,2025-11-24 01:44:58,cloudy,9,0
1945,metal,2025-11-24 14:08:32,cloudy,9,0
1946,plastic,2025-11-24 22:46:55,cloudy,9,0
1947,metal,2025-11-24 06:13:37,cloudy,9,0
1948,glass,2025-11-24 13:28:00,cloudy,9,0
1949,metal,2025-11-24 21:21:32,cloudy,9,0
1950,glass,2025-11-24 02:50:25,cloudy,9,0
1951,glass,2025-11-25 13:49:34,rainy,12,0
1952,paper,2025-11-25 02:07:24,rainy,12,0
1953,glass,2025-11-25 00:03:35,rainy,12,0
1954,metal,2025-11-25 07:40:21,rainy,12,0
1955,paper,2025-11-25 13:10:41,rainy,12,0
1956,organic,2025-11-25 13:16:49,rainy,12,0
1957,metal,2025-11-26 20:11:28,sunny,9,0
1958,metal,2025-11-26 22:26:25,sunny,9,0
1959,glass,2025-11-26 00:44:03,sunny,9,0
1960,metal,2025-11-26 07:19:01,sunny,9,0
1961,organic,2025-11-26 08:21:44,sunny,9,0
1962,glass,2025-11-26 22:54:14,sunny,9,0
1963,paper,2025-11-26 16:50:29,sunny,9,0
1964,glass,2025-11-26 13:49:58,sunny,9,0
1965,paper,2025-11-27 07:10:47,cloudy,10,0
1966,glass,2025-11-27 14:30:34,cloudy,10,0
1967,plastic,2025-11-27 13:36:40,cloudy,10,0
1968,metal,2025-11-27 23:04:44,cloudy,10,0
1969,paper,2025-11-27 12:06:55,cloudy,10,0
1970,metal,2025-11-27 16:39:22,cloudy,10,0
1971,plastic,2025-11-27 21:06:56,cloudy,10,0
1972,plastic,2025-11-28 20:19:02,sunny,10,0
1973,metal,2025-11-28 19:27:03,sunny,10,0
1974,metal,2025-11-28 22:49:27,sunny,10,0
1975,metal,2025-11-28 04:03:47,sunny,10,0
1976,plastic,2025-11-28 05:50:05,sunny,10,0
1977,metal,2025-11-28 22:46:09,sunny,10,0
1978,metal,2025-11-28 04:28:21,sunny,10,0
1979,glass,2025-11-28 19:03:49,sunny,10,0
1980,metal,2025-11-29 17:35:59,cloudy,6,0
1981,metal,2025-11-29 07:33:57,cloudy,6,0
1982,metal,2025-11-29 17:33:07,cloudy,6,0
1983,plastic,2025-11-29 05:53:42,cloudy,6,0
1984,plastic,2025-11-30 14:06:31,rainy,5,0
1985,organic,2025-11-30 02:37:16,rainy,5,0
1986,metal,2025-12-01 07:45:57,sunny,1,0
1987,plastic,2025-12-01 08:21:26,sunny,1,0
1988,metal,2025-12-01 02:51:14,sunny,1,0
1989,paper,2025-12-01 06:36:28,sunny,1,0
1990,plastic,2025-12-01 20:51:57,sunny,1,0
1991,metal,2025-12-01 22:32:14,sunny,1,0
1992,metal,2025-12-01 03:19:10,sunny,1,0
1993,glass,2025-12-02 06:09:16,rainy,-3,0
1994,metal,2025-12-02 15:40:05,rainy,-3,0
1995,metal,2025-12-02 19:07:32,rainy,-3,0
1996,glass,2025-12-02 00:01:29,rainy,-3,0
1997,metal,2025-12-02 09:50:50,rainy,-3,0
1998,glass,2025-12-03 16:57:43,stormy,1,0
1999,paper,2025-12-03 21:29:36,stormy,1,0
2000,glass,2025-12-03 17:07:52,stormy,1,0
2001,paper,2025-12-03 07:59:21,stormy,1,0
2002,metal,2025-12-04 07:33:20,misty,6,0
2003,plastic,2025-12-04 22:54:25,misty,6,0
2004,glass,2025-12-04 12:10:51,misty,6,0
2005,metal,2025-12-04 09:50:48,misty,6,0
2006,glass,2025-12-04 15:22:38,misty,6,0
2007,metal,2025-12-04 19:03:41,misty,6,0
2008,plastic,2025-12-04 21:22:14,misty,6,0
2009,glass,2025-12-05 10:57:41,cloudy,5,1
2010,plastic,2025-12-05 00:11:48,cloudy,5,1
2011,plastic,2025-12-05 05:15:24,cloudy,5,1
2012,glass,2025-12-05 11:20:18,cloudy,5,1
2013,glass,2025-12-05 04:09:50,cloudy,5,1
2014,metal,2025-12-05 08:34:00,cloudy,5,1
2015,glass,2025-12-05 07:19:51,cloudy,5,1
2016,metal,2025-12-06 02:10:36,cloudy,2,0
2017,glass,2025-12-06 03:10:27,cloudy,2,0
2018,glass,2025-12-06 00:13:15,cloudy,2,0
2019,metal,2025-12-07 23:15:26,rainy,5,0
2020,metal,2025-12-07 20:16:34,rainy,5,0
2021,metal,2025-12-08 20:20:49,stormy,6,0
2022,plastic,2025-12-08 23:52:45,stormy,6,0
2023,metal,2025-12-08 13:40:38,stormy,6,0
2024,organic,2025-12-08 06:08:01,stormy,6,0
2025,glass,2025-12-08 13:45:53,stormy,6,0
2026,glass,2025-12-09 01:37:04,snowy,5,0
2027,glass,2025-12-09 12:52:39,snowy,5,0
2028,paper,2025-12-09 09:13:26,snowy,5,0
2029,glass,2025-12-09 14:55:35,snowy,5,0
2030,glass,2025-12-10 20:05:32,cloudy,4,0
2031,plastic,2025-12-10 20:30:33,cloudy,4,0
2032,metal,2025-12-10 15:22:59,cloudy,4,0
2033,glass,2025-12-10 14:14:35,cloudy,4,0
2034,glass,2025-12-10 19:57:45,cloudy,4,0
2035,organic,2025-12-10 03:11:31,cloudy,4,0
2036,plastic,2025-12-10 04:21:33,cloudy,4,0
2037,metal,2025-12-11 09:37:43,snowy,7,0
2038,glass,2025-12-11 05:49:16,snowy,7,0
2039,metal,2025-12-11 14:37:20,snowy,7,0
2040,glass,2025-12-11 07:55:02,snowy,7,0
2041,glass,2025-12-11 02:44:05,snowy,7,0
2042,glass,2025-12-12 08:49:55,rainy,4,0
2043,glass,2025-12-12 20:52:50,rainy,4,0
2044,glass,2025-12-12 12:24:39,rainy,4,0
2045,glass,2025-12-12 19:40:09,rainy,4,0
2046,metal,2025-12-12 23:07:11,rainy,4,0
2047,metal,2025-12-13 08:15:54,cloudy,5,0
2048,paper,2025-12-13 19:55:22,cloudy,5,0
2049,metal,2025-12-13 22:18:24,cloudy,5,0
2050,metal,2025-12-14 10:18:29,snowy,2,0
2051,glass,2025-12-15 02:11:52,cloudy,5,0
2052,glass,2025-12-15 14:59:59,cloudy,5,0
2053,metal,2025-12-15 09:04:08,cloudy,5,0
2054,organic,2025-12-15 06:22:24,cloudy,5,0
2055,metal,2025-12-15 10:07:27,cloudy,5,0
2056,metal,2025-12-15 13:04:00,cloudy,5,0
2057,metal,2025-12-15 19:48:33,cloudy,5,0
2058,glass,2025-12-16 13:47:25,cloudy,4,0
2059,metal,2025-12-16 18:24:30,cloudy,4,0
2060,paper,2025-12-16 22:56:29,cloudy,4,0
2061,paper,2025-12-16 06:48:20,cloudy,4,0
2062,metal,2025-12-16 11:38:56,cloudy,4,0
2063,metal,2025-12-16 20:17:51,cloudy,4,0
2064,metal,2025-12-16 16:46:16,cloudy,4,0
2065,glass,2025-12-17 23:12:25,rainy,3,0
2066,plastic,2025-12-17 17:08:27,rainy,3,0
2067,organic,2025-12-17 13:02:14,rainy,3,0
2068,plastic,2025-12-17 14:22:18,rainy,3,0
2069,metal,2025-12-17 10:58:31,rainy,3,0
2070,plastic,2025-12-18 00:28:11,stormy,5,0
2071,plastic,2025-12-18 20:04:50,stormy,5,0
2072,metal,2025-12-18 19:18:15,stormy,5,0
2073,metal,2025-12-18 19:58:21,stormy,5,0
2074,metal,2025-12-19 00:10:05,rainy,6,0
2075,glass,2025-12-19 15:18:58,rainy,6,0
2076,glass,2025-12-19 01:29:29,rainy,6,0
2077,metal,2025-12-19 08:58:51,rainy,6,0
2078,glass,2025-12-19 19:53:42,rainy,6,0
2079,metal,2025-12-19 13:50:40,rainy,6,0
2080,glass,2025-12-20 22:48:38,rainy,4,0
2081,plastic,2025-12-20 20:11:26,rainy,4,0
2082,metal,2025-12-21 22:23:18,misty,0,0
2083,metal,2025-12-21 11:39:56,misty,0,0
2084,plastic,2025-12-22 17:15:32,snowy,4,0
2085,metal,2025-12-22 22:51:32,snowy,4,0
2086,glass,2025-12-22 22:57:43,snowy,4,0
2087,metal,2025-12-22 01:13:22,snowy,4,0
2088,organic,2025-12-23 01:47:57,snowy,5,0
2089,metal,2025-12-23 17:55:57,snowy,5,0
2090,glass,2025-12-23 09:12:11,snowy,5,0
2091,paper,2025-12-23 13:51:54,snowy,5,0
2092,metal,2025-12-24 11:44:41,rainy,1,0
2093,glass,2025-12-24 11:20:48,rainy,1,0
2094,organic,2025-12-24 03:27:12,rainy,1,0
2095,glass,2025-12-24 11:50:45,rainy,1,0
2096,metal,2025-12-24 22:40:51,rainy,1,0
2097,metal,2025-12-25 04:10:47,rainy,3,1
2098,metal,2025-12-25 16:53:16,rainy,3,1
2099,metal,2025-12-25 08:01:25,rainy,3,1
2100,metal,2025-12-25 13:02:35,rainy,3,1
2101,metal,2025-12-25 03:21:39,rainy,3,1
2102,metal,2025-12-26 11:18:36,rainy,8,1
2103,metal,2025-12-26 20:32:37,rainy,8,1
2104,metal,2025-12-26 10:56:04,rainy,8,1
2105,organic,2025-12-26 17:42:47,rainy,8,1
2106,glass,2025-12-26 03:32:04,rainy,8,1
2107,glass,2025-12-26 08:32:17,rainy,8,1
2108,metal,2025-12-27 18:51:33,sunny,4,0
2109,metal,2025-12-27 10:22:50,sunny,4,0
2110,glass,2025-12-27 21:56:58,sunny,4,0
2111,glass,2025-12-27 18:20:55,sunny,4,0
2112,metal,2025-12-28 17:07:27,stormy,5,0
2113,paper,2025-12-29 01:16:17,stormy,2,0
2114,metal,2025-12-29 10:28:01,stormy,2,0
2115,organic,2025-12-29 17:15:10,stormy,2,0
2116,metal,2025-12-29 06:25:59,stormy,2,0
2117,metal,2025-12-30 01:59:22,cloudy,5,0
2118,glass,2025-12-30 09:47:08,cloudy,5,0
2119,glass,2025-12-30 02:54:53,cloudy,5,0
2120,glass,2025-12-30 09:22:56,cloudy,5,0
2121,glass,2025-12-30 14:47:08,cloudy,5,0
2122,metal,2025-12-30 00:26:59,cloudy,5,0
2123,metal,2025-12-30 17:55:22,cloudy,5,0
2124,metal,2025-12-31 21:16:10,rainy,3,1
2125,glass,2025-12-31 08:25:53,rainy,3,1
2126,glass,2025-12-31 07:38:35,rainy,3,1
2127,metal,2025-12-31 01:58:14,rainy,3,1
2128,organic,2025-12-31 17:57:37,rainy,3,1
